code,term,dmd_id,dmd_type,bnf_code
42206611000001103,Bendroflumethiazide 2.5mg tablets,42206611000001103,VMP,0202010B0AAABAB
772511000001103,Bendroflumethiazide 2.5mg tablets,772511000001103,AMP,0202010B0AAABAB
42391911000001109,Bendroflumethiazide 2.5mg tablets,42391911000001109,AMP,0202010B0AAABAB
1711000001109,Bendroflumethiazide 2.5mg tablets,1711000001109,AMP,0202010B0AAABAB
288611000001101,Bendroflumethiazide 2.5mg tablets,288611000001101,AMP,0202010B0AAABAB
9792811000001103,Bendroflumethiazide 2.5mg tablets,9792811000001103,AMP,0202010B0AAABAB
10383911000001102,Bendroflumethiazide 2.5mg tablets,10383911000001102,AMP,0202010B0AAABAB
15986611000001101,Bendroflumethiazide 2.5mg tablets,15986611000001101,AMP,0202010B0AAABAB
28947811000001100,Bendroflumethiazide 2.5mg tablets,28947811000001100,AMP,0202010B0AAABAB
22616411000001103,Bendroflumethiazide 2.5mg tablets,22616411000001103,AMP,0202010B0AAABAB
11009711000001106,Bendroflumethiazide 2.5mg tablets,11009711000001106,AMP,0202010B0AAABAB
20323211000001103,Bendroflumethiazide 2.5mg tablets,20323211000001103,AMP,0202010B0AAABAB
464311000001103,Bendroflumethiazide 2.5mg tablets,464311000001103,AMP,0202010B0AAABAB
750511000001102,Bendroflumethiazide 2.5mg tablets,750511000001102,AMP,0202010B0AAABAB
29998911000001102,Bendroflumethiazide 2.5mg tablets,29998911000001102,AMP,0202010B0AAABAB
38805011000001103,Bendroflumethiazide 2.5mg tablets,38805011000001103,AMP,0202010B0AAABAB
35194911000001100,Bendroflumethiazide 2.5mg tablets,35194911000001100,AMP,0202010B0AAABAB
17796011000001102,Bendroflumethiazide 2.5mg tablets,17796011000001102,AMP,0202010B0AAABAB
40673611000001105,Bendroflumethiazide 2.5mg tablets,40673611000001105,AMP,0202010B0AAABAB
7487011000001109,Bendroflumethiazide 2.5mg tablets,7487011000001109,AMP,0202010B0AAABAB
29774011000001106,Bendroflumethiazide 2.5mg tablets,29774011000001106,AMP,0202010B0AAABAB
17195711000001104,Bendroflumethiazide 2.5mg tablets,17195711000001104,AMP,0202010B0AAABAB
779811000001105,Bendroflumethiazide 2.5mg tablets,779811000001105,AMP,0202010B0AAABAB
516711000001101,Bendroflumethiazide 2.5mg tablets,516711000001101,AMP,0202010B0AAABAB
914811000001108,Bendroflumethiazide 2.5mg tablets,914811000001108,AMP,0202010B0AAABAB
21782411000001107,Bendroflumethiazide 2.5mg tablets,21782411000001107,AMP,0202010B0AAABAB
454811000001100,Bendroflumethiazide 2.5mg tablets,454811000001100,AMP,0202010B0AAABAB
42206711000001107,Bendroflumethiazide 5mg tablets,42206711000001107,VMP,0202010B0AAACAC
501911000001107,Bendroflumethiazide 5mg tablets,501911000001107,AMP,0202010B0AAACAC
720911000001105,Bendroflumethiazide 5mg tablets,720911000001105,AMP,0202010B0AAACAC
143511000001102,Bendroflumethiazide 5mg tablets,143511000001102,AMP,0202010B0AAACAC
9793111000001104,Bendroflumethiazide 5mg tablets,9793111000001104,AMP,0202010B0AAACAC
10384111000001103,Bendroflumethiazide 5mg tablets,10384111000001103,AMP,0202010B0AAACAC
15986811000001102,Bendroflumethiazide 5mg tablets,15986811000001102,AMP,0202010B0AAACAC
34015811000001107,Bendroflumethiazide 5mg tablets,34015811000001107,AMP,0202010B0AAACAC
22617011000001105,Bendroflumethiazide 5mg tablets,22617011000001105,AMP,0202010B0AAACAC
11010111000001102,Bendroflumethiazide 5mg tablets,11010111000001102,AMP,0202010B0AAACAC
32661411000001109,Bendroflumethiazide 5mg tablets,32661411000001109,AMP,0202010B0AAACAC
320511000001104,Bendroflumethiazide 5mg tablets,320511000001104,AMP,0202010B0AAACAC
532811000001101,Bendroflumethiazide 5mg tablets,532811000001101,AMP,0202010B0AAACAC
29999111000001107,Bendroflumethiazide 5mg tablets,29999111000001107,AMP,0202010B0AAACAC
38805211000001108,Bendroflumethiazide 5mg tablets,38805211000001108,AMP,0202010B0AAACAC
17796911000001103,Bendroflumethiazide 5mg tablets,17796911000001103,AMP,0202010B0AAACAC
40673811000001109,Bendroflumethiazide 5mg tablets,40673811000001109,AMP,0202010B0AAACAC
29774211000001101,Bendroflumethiazide 5mg tablets,29774211000001101,AMP,0202010B0AAACAC
17196011000001105,Bendroflumethiazide 5mg tablets,17196011000001105,AMP,0202010B0AAACAC
436711000001100,Bendroflumethiazide 5mg tablets,436711000001100,AMP,0202010B0AAACAC
169811000001105,Bendroflumethiazide 5mg tablets,169811000001105,AMP,0202010B0AAACAC
21782811000001109,Bendroflumethiazide 5mg tablets,21782811000001109,AMP,0202010B0AAACAC
159711000001108,Bendroflumethiazide 5mg tablets,159711000001108,AMP,0202010B0AAACAC
8306711000001109,Bendroflumethiazide 5mg/5ml oral suspension,8306711000001109,VMP,0202010B0AAAQAQ
8287311000001100,Bendroflumethiazide 5mg/5ml oral suspension,8287311000001100,AMP,0202010B0AAAQAQ
12226311000001103,Bendroflumethiazide 2mg/5ml oral solution,12226311000001103,VMP,0202010B0AAASAS
12226411000001105,Bendroflumethiazide 2mg/5ml oral suspension,12226411000001105,VMP,0202010B0AAASAS
12226111000001100,Bendroflumethiazide 2mg/5ml oral solution,12226111000001100,AMP,0202010B0AAASAS
12225511000001102,Bendroflumethiazide 2mg/5ml oral suspension,12225511000001102,AMP,0202010B0AAASAS
8307011000001105,Bendroflumethiazide 1.25mg/5ml oral suspension,8307011000001105,VMP,0202010B0AAAUAU
8284811000001100,Bendroflumethiazide 1.25mg/5ml oral suspension,8284811000001100,AMP,0202010B0AAAUAU
12285211000001105,Bendroflumethiazide 3.75mg/5ml oral solution,12285211000001105,VMP,0202010B0AAAVAV
12285311000001102,Bendroflumethiazide 3.75mg/5ml oral suspension,12285311000001102,VMP,0202010B0AAAVAV
12228311000001104,Bendroflumethiazide 3.75mg/5ml oral solution,12228311000001104,AMP,0202010B0AAAVAV
12228011000001102,Bendroflumethiazide 3.75mg/5ml oral suspension,12228011000001102,AMP,0202010B0AAAVAV
8306911000001106,Bendroflumethiazide 1mg/5ml oral suspension,8306911000001106,VMP,0202010B0AAAWAW
8286211000001106,Bendroflumethiazide 1mg/5ml oral suspension,8286211000001106,AMP,0202010B0AAAWAW
8306811000001101,Bendroflumethiazide 2.5mg/5ml oral suspension,8306811000001101,VMP,0202010B0AAAXAX
8287011000001103,Bendroflumethiazide 2.5mg/5ml oral suspension,8287011000001103,AMP,0202010B0AAAXAX
672111000001100,Aprinox 2.5mg tablets,672111000001100,AMP,0202010B0BBAAAB
120911000001103,Aprinox 5mg tablets,120911000001103,AMP,0202010B0BBABAC
817911000001100,Neo-Naclex 5mg tablets,817911000001100,AMP,0202010B0BEAAAC
18149011000001101,Neo-Naclex 2.5mg tablets,18149011000001101,AMP,0202010B0BEABAB
898211000001109,Urizide 5mg tablets,898211000001109,AMP,0202010B0BFAAAC
485311000001101,Urizide 2.5mg tablets,485311000001101,AMP,0202010B0BFABAB
42207111000001109,Chlorothiazide 500mg tablets,42207111000001109,VMP,0202010D0AAAFAF
28377711000001102,Chlorothiazide 500mg tablets,28377711000001102,AMP,0202010D0AAAFAF
42207011000001108,Chlorothiazide 250mg/5ml oral suspension,42207011000001108,VMP,0202010D0AAAUAU
15865211000001103,Chlorothiazide 250mg/5ml oral suspension,15865211000001103,AMP,0202010D0AAAUAU
8358411000001106,Chlorothiazide 125mg/5ml oral suspension,8358411000001106,VMP,0202010D0AABBBB
8340411000001105,Chlorothiazide 125mg/5ml oral suspension,8340411000001105,AMP,0202010D0AABBBB
12503011000001109,Chlorothiazide 250mg/5ml oral solution,12503011000001109,VMP,0202010D0AABCBC
12462011000001107,Chlorothiazide 250mg/5ml oral solution,12462011000001107,AMP,0202010D0AABCBC
12504111000001107,Chlorothiazide 375mg/5ml oral solution,12504111000001107,VMP,0202010D0AABDBD
12504211000001101,Chlorothiazide 375mg/5ml oral suspension,12504211000001101,VMP,0202010D0AABDBD
12468811000001104,Chlorothiazide 375mg/5ml oral solution,12468811000001104,AMP,0202010D0AABDBD
12460111000001109,Chlorothiazide 375mg/5ml oral suspension,12460111000001109,AMP,0202010D0AABDBD
12431011000001109,Chlorothiazide 10mg/5ml oral solution,12431011000001109,VMP,0202010D0AABEBE
12425911000001108,Chlorothiazide 10mg/5ml oral suspension,12425911000001108,VMP,0202010D0AABEBE
12426311000001102,Chlorothiazide 10mg/5ml oral solution,12426311000001102,AMP,0202010D0AABEBE
12425711000001106,Chlorothiazide 10mg/5ml oral suspension,12425711000001106,AMP,0202010D0AABEBE
8359111000001108,Chlorothiazide 50mg/5ml oral suspension,8359111000001108,VMP,0202010D0AABFBF
8340011000001101,Chlorothiazide 50mg/5ml oral suspension,8340011000001101,AMP,0202010D0AABFBF
12016611000001108,Chlorothiazide 70mg/5ml oral solution,12016611000001108,VMP,0202010D0AABGBG
12016711000001104,Chlorothiazide 70mg/5ml oral suspension,12016711000001104,VMP,0202010D0AABGBG
11993211000001107,Chlorothiazide 70mg/5ml oral solution,11993211000001107,AMP,0202010D0AABGBG
11992911000001105,Chlorothiazide 70mg/5ml oral suspension,11992911000001105,AMP,0202010D0AABGBG
12504311000001109,Chlorothiazide 40mg/5ml oral solution,12504311000001109,VMP,0202010D0AABHBH
12504411000001102,Chlorothiazide 40mg/5ml oral suspension,12504411000001102,VMP,0202010D0AABHBH
12470211000001107,Chlorothiazide 40mg/5ml oral solution,12470211000001107,AMP,0202010D0AABHBH
12460411000001104,Chlorothiazide 40mg/5ml oral suspension,12460411000001104,AMP,0202010D0AABHBH
12502211000001105,Chlorothiazide 200mg/5ml oral solution,12502211000001105,VMP,0202010D0AABIBI
12446111000001102,Chlorothiazide 200mg/5ml oral solution,12446111000001102,AMP,0202010D0AABIBI
12503711000001106,Chlorothiazide 30mg/5ml oral solution,12503711000001106,VMP,0202010D0AABJBJ
12503811000001103,Chlorothiazide 30mg/5ml oral suspension,12503811000001103,VMP,0202010D0AABJBJ
12467411000001100,Chlorothiazide 30mg/5ml oral solution,12467411000001100,AMP,0202010D0AABJBJ
12458511000001105,Chlorothiazide 30mg/5ml oral suspension,12458511000001105,AMP,0202010D0AABJBJ
8358311000001104,Chlorothiazide 100mg/5ml oral suspension,8358311000001104,VMP,0202010D0AABKBK
8339011000001108,Chlorothiazide 100mg/5ml oral suspension,8339011000001108,AMP,0202010D0AABKBK
12503511000001101,Chlorothiazide 300mg/5ml oral solution,12503511000001101,VMP,0202010D0AABMBM
12503611000001102,Chlorothiazide 300mg/5ml oral suspension,12503611000001102,VMP,0202010D0AABMBM
12465711000001100,Chlorothiazide 300mg/5ml oral solution,12465711000001100,AMP,0202010D0AABMBM
12458011000001102,Chlorothiazide 300mg/5ml oral suspension,12458011000001102,AMP,0202010D0AABMBM
12016011000001101,Chlorothiazide 6mg/5ml oral solution,12016011000001101,VMP,0202010D0AABNBN
12016111000001100,Chlorothiazide 6mg/5ml oral suspension,12016111000001100,VMP,0202010D0AABNBN
11991511000001106,Chlorothiazide 6mg/5ml oral solution,11991511000001106,AMP,0202010D0AABNBN
11991011000001103,Chlorothiazide 6mg/5ml oral suspension,11991011000001103,AMP,0202010D0AABNBN
12431911000001108,Chlorothiazide 155mg/5ml oral solution,12431911000001108,VMP,0202010D0AABPBP
12432011000001101,Chlorothiazide 155mg/5ml oral suspension,12432011000001101,VMP,0202010D0AABPBP
12429311000001109,Chlorothiazide 155mg/5ml oral solution,12429311000001109,AMP,0202010D0AABPBP
12429011000001106,Chlorothiazide 155mg/5ml oral suspension,12429011000001106,AMP,0202010D0AABPBP
8358611000001109,Chlorothiazide 20mg/5ml oral suspension,8358611000001109,VMP,0202010D0AABQBQ
8338711000001101,Chlorothiazide 20mg/5ml oral suspension,8338711000001101,AMP,0202010D0AABQBQ
8359311000001105,Chlorothiazide 80mg/5ml oral suspension,8359311000001105,VMP,0202010D0AABTBT
8341711000001107,Chlorothiazide 80mg/5ml oral suspension,8341711000001107,AMP,0202010D0AABTBT
12502011000001100,Chlorothiazide 187.5mg/5ml oral solution,12502011000001100,VMP,0202010D0AABUBU
12502111000001104,Chlorothiazide 187.5mg/5ml oral suspension,12502111000001104,VMP,0202010D0AABUBU
12445311000001105,Chlorothiazide 187.5mg/5ml oral solution,12445311000001105,AMP,0202010D0AABUBU
12445011000001107,Chlorothiazide 187.5mg/5ml oral suspension,12445011000001107,AMP,0202010D0AABUBU
12015311000001108,Chlorothiazide 500mg/5ml oral solution,12015311000001108,VMP,0202010D0AABVBV
12015511000001102,Chlorothiazide 500mg/5ml oral suspension,12015511000001102,VMP,0202010D0AABVBV
11989511000001106,Chlorothiazide 500mg/5ml oral solution,11989511000001106,AMP,0202010D0AABVBV
11988611000001101,Chlorothiazide 500mg/5ml oral suspension,11988611000001101,AMP,0202010D0AABVBV
12431111000001105,Chlorothiazide 12.5mg/5ml oral solution,12431111000001105,VMP,0202010D0AABWBW
12431211000001104,Chlorothiazide 12.5mg/5ml oral suspension,12431211000001104,VMP,0202010D0AABWBW
12426911000001101,Chlorothiazide 12.5mg/5ml oral solution,12426911000001101,AMP,0202010D0AABWBW
12426611000001107,Chlorothiazide 12.5mg/5ml oral suspension,12426611000001107,AMP,0202010D0AABWBW
12502811000001106,Chlorothiazide 24mg/5ml oral solution,12502811000001106,VMP,0202010D0AABXBX
12502911000001101,Chlorothiazide 24mg/5ml oral suspension,12502911000001101,VMP,0202010D0AABXBX
12461011000001104,Chlorothiazide 24mg/5ml oral solution,12461011000001104,AMP,0202010D0AABXBX
12456311000001103,Chlorothiazide 24mg/5ml oral suspension,12456311000001103,AMP,0202010D0AABXBX
8358911000001103,Chlorothiazide 35mg/5ml oral suspension,8358911000001103,VMP,0202010D0AABZBZ
8341111000001106,Chlorothiazide 35mg/5ml oral suspension,8341111000001106,AMP,0202010D0AABZBZ
12017111000001102,Chlorothiazide 75mg/5ml oral solution,12017111000001102,VMP,0202010D0AACBCB
12017211000001108,Chlorothiazide 75mg/5ml oral suspension,12017211000001108,VMP,0202010D0AACBCB
11994911000001101,Chlorothiazide 75mg/5ml oral solution,11994911000001101,AMP,0202010D0AACBCB
11994611000001107,Chlorothiazide 75mg/5ml oral suspension,11994611000001107,AMP,0202010D0AACBCB
12502411000001109,Chlorothiazide 225mg/5ml oral solution,12502411000001109,VMP,0202010D0AACDCD
12502511000001108,Chlorothiazide 225mg/5ml oral suspension,12502511000001108,VMP,0202010D0AACDCD
12450411000001108,Chlorothiazide 225mg/5ml oral solution,12450411000001108,AMP,0202010D0AACDCD
12449211000001104,Chlorothiazide 225mg/5ml oral suspension,12449211000001104,AMP,0202010D0AACDCD
12017311000001100,Chlorothiazide 85mg/5ml oral solution,12017311000001100,VMP,0202010D0AACECE
12017411000001107,Chlorothiazide 85mg/5ml oral suspension,12017411000001107,VMP,0202010D0AACECE
11996111000001106,Chlorothiazide 85mg/5ml oral solution,11996111000001106,AMP,0202010D0AACECE
11995811000001107,Chlorothiazide 85mg/5ml oral suspension,11995811000001107,AMP,0202010D0AACECE
12015611000001103,Chlorothiazide 5mg/5ml oral solution,12015611000001103,VMP,0202010D0AACGCG
12015711000001107,Chlorothiazide 5mg/5ml oral suspension,12015711000001107,VMP,0202010D0AACGCG
11990711000001109,Chlorothiazide 5mg/5ml oral solution,11990711000001109,AMP,0202010D0AACGCG
11989911000001104,Chlorothiazide 5mg/5ml oral suspension,11989911000001104,AMP,0202010D0AACGCG
12017611000001105,Chlorothiazide 90mg/5ml oral solution,12017611000001105,VMP,0202010D0AACHCH
12017711000001101,Chlorothiazide 90mg/5ml oral suspension,12017711000001101,VMP,0202010D0AACHCH
11997311000001106,Chlorothiazide 90mg/5ml oral solution,11997311000001106,AMP,0202010D0AACHCH
11996711000001107,Chlorothiazide 90mg/5ml oral suspension,11996711000001107,AMP,0202010D0AACHCH
12502611000001107,Chlorothiazide 240mg/5ml oral solution,12502611000001107,VMP,0202010D0AACICI
12502711000001103,Chlorothiazide 240mg/5ml oral suspension,12502711000001103,VMP,0202010D0AACICI
12461311000001101,Chlorothiazide 240mg/5ml oral solution,12461311000001101,AMP,0202010D0AACICI
12451711000001105,Chlorothiazide 240mg/5ml oral suspension,12451711000001105,AMP,0202010D0AACICI
12431511000001101,Chlorothiazide 140mg/5ml oral solution,12431511000001101,VMP,0202010D0AACJCJ
12431611000001102,Chlorothiazide 140mg/5ml oral suspension,12431611000001102,VMP,0202010D0AACJCJ
12428111000001100,Chlorothiazide 140mg/5ml oral solution,12428111000001100,AMP,0202010D0AACJCJ
12427811000001108,Chlorothiazide 140mg/5ml oral suspension,12427811000001108,AMP,0202010D0AACJCJ
12016311000001103,Chlorothiazide 7.5mg/5ml oral solution,12016311000001103,VMP,0202010D0AACKCK
12016411000001105,Chlorothiazide 7.5mg/5ml oral suspension,12016411000001105,VMP,0202010D0AACKCK
11992511000001103,Chlorothiazide 7.5mg/5ml oral solution,11992511000001103,AMP,0202010D0AACKCK
11992111000001107,Chlorothiazide 7.5mg/5ml oral suspension,11992111000001107,AMP,0202010D0AACKCK
12503311000001107,Chlorothiazide 3.75mg/5ml oral solution,12503311000001107,VMP,0202010D0AACLCL
12503411000001100,Chlorothiazide 3.75mg/5ml oral suspension,12503411000001100,VMP,0202010D0AACLCL
12465411000001106,Chlorothiazide 3.75mg/5ml oral solution,12465411000001106,AMP,0202010D0AACLCL
12457511000001106,Chlorothiazide 3.75mg/5ml oral suspension,12457511000001106,AMP,0202010D0AACLCL
12016811000001107,Chlorothiazide 750mg/5ml oral solution,12016811000001107,VMP,0202010D0AACMCM
12016911000001102,Chlorothiazide 750mg/5ml oral suspension,12016911000001102,VMP,0202010D0AACMCM
11994311000001102,Chlorothiazide 750mg/5ml oral solution,11994311000001102,AMP,0202010D0AACMCM
11993711000001100,Chlorothiazide 750mg/5ml oral suspension,11993711000001100,AMP,0202010D0AACMCM
8359211000001102,Chlorothiazide 60mg/5ml oral suspension,8359211000001102,VMP,0202010D0AACNCN
8341411000001101,Chlorothiazide 60mg/5ml oral suspension,8341411000001101,AMP,0202010D0AACNCN
12431311000001107,Chlorothiazide 120mg/5ml oral solution,12431311000001107,VMP,0202010D0AACPCP
12431411000001100,Chlorothiazide 120mg/5ml oral suspension,12431411000001100,VMP,0202010D0AACPCP
12427511000001105,Chlorothiazide 120mg/5ml oral solution,12427511000001105,AMP,0202010D0AACPCP
12427211000001107,Chlorothiazide 120mg/5ml oral suspension,12427211000001107,AMP,0202010D0AACPCP
12432111000001100,Chlorothiazide 15mg/5ml oral solution,12432111000001100,VMP,0202010D0AACRCR
12432211000001106,Chlorothiazide 15mg/5ml oral suspension,12432211000001106,VMP,0202010D0AACRCR
12429911000001105,Chlorothiazide 15mg/5ml oral solution,12429911000001105,AMP,0202010D0AACRCR
12429611000001104,Chlorothiazide 15mg/5ml oral suspension,12429611000001104,AMP,0202010D0AACRCR
12501911000001107,Chlorothiazide 160mg/5ml oral solution,12501911000001107,VMP,0202010D0AACSCS
12432311000001103,Chlorothiazide 160mg/5ml oral suspension,12432311000001103,VMP,0202010D0AACSCS
12444711000001105,Chlorothiazide 160mg/5ml oral solution,12444711000001105,AMP,0202010D0AACSCS
12430411000001109,Chlorothiazide 160mg/5ml oral suspension,12430411000001109,AMP,0202010D0AACSCS
12504511000001103,Chlorothiazide 47mg/5ml oral solution,12504511000001103,VMP,0202010D0AACTCT
12504611000001104,Chlorothiazide 47mg/5ml oral suspension,12504611000001104,VMP,0202010D0AACTCT
12486711000001105,Chlorothiazide 47mg/5ml oral solution,12486711000001105,AMP,0202010D0AACTCT
12460711000001105,Chlorothiazide 47mg/5ml oral suspension,12460711000001105,AMP,0202010D0AACTCT
12431711000001106,Chlorothiazide 143mg/5ml oral solution,12431711000001106,VMP,0202010D0AACUCU
12431811000001103,Chlorothiazide 143mg/5ml oral suspension,12431811000001103,VMP,0202010D0AACUCU
12428711000001104,Chlorothiazide 143mg/5ml oral solution,12428711000001104,AMP,0202010D0AACUCU
12428411000001105,Chlorothiazide 143mg/5ml oral suspension,12428411000001105,AMP,0202010D0AACUCU
12503911000001108,Chlorothiazide 33mg/5ml oral solution,12503911000001108,VMP,0202010D0AACWCW
12504011000001106,Chlorothiazide 33mg/5ml oral suspension,12504011000001106,VMP,0202010D0AACWCW
12468111000001106,Chlorothiazide 33mg/5ml oral solution,12468111000001106,AMP,0202010D0AACWCW
12459211000001102,Chlorothiazide 33mg/5ml oral suspension,12459211000001102,AMP,0202010D0AACWCW
42206911000001109,Chlorothiazide 250mg tablets,42206911000001109,VMP,0202010D0AACYCY
15864911000001108,Chlorothiazide 250mg tablets,15864911000001108,AMP,0202010D0AACYCY
8358811000001108,Chlorothiazide 350mg/5ml oral suspension,8358811000001108,VMP,0202010D0AACZCZ
8339411000001104,Chlorothiazide 350mg/5ml oral suspension,8339411000001104,AMP,0202010D0AACZCZ
12503111000001105,Chlorothiazide 27mg/5ml oral solution,12503111000001105,VMP,0202010D0AADBDB
12503211000001104,Chlorothiazide 27mg/5ml oral suspension,12503211000001104,VMP,0202010D0AADBDB
12462711000001109,Chlorothiazide 27mg/5ml oral solution,12462711000001109,AMP,0202010D0AADBDB
12457211000001108,Chlorothiazide 27mg/5ml oral suspension,12457211000001108,AMP,0202010D0AADBDB
8359011000001107,Chlorothiazide 38mg/5ml oral suspension,8359011000001107,VMP,0202010D0AADCDC
8339511000001100,Chlorothiazide 38mg/5ml oral suspension,8339511000001100,AMP,0202010D0AADCDC
8358511000001105,Chlorothiazide 150mg/5ml oral suspension,8358511000001105,VMP,0202010D0AADDDD
8338411000001107,Chlorothiazide 150mg/5ml oral suspension,8338411000001107,AMP,0202010D0AADDDD
8358711000001100,Chlorothiazide 25mg/5ml oral suspension,8358711000001100,VMP,0202010D0AADEDE
8340611000001108,Chlorothiazide 25mg/5ml oral suspension,8340611000001108,AMP,0202010D0AADEDE
35148011000001104,Chlorothiazide 300mg capsules,35148011000001104,VMP,0202010D0AADFDF
35132711000001104,Chlorothiazide 300mg capsules,35132711000001104,AMP,0202010D0AADFDF
12502311000001102,Chlorothiazide 200mg/5ml oral suspension,12502311000001102,VMP,0202010D0AADGDG
12445611000001100,Chlorothiazide 200mg/5ml oral suspension,12445611000001100,AMP,0202010D0AADGDG
7652811000001107,Diuril 250mg/5ml oral suspension,7652811000001107,AMP,0202010D0BCAAAU
7655311000001109,Diuril 250mg tablets,7655311000001109,AMP,0202010D0BCABCY
42207311000001106,Chlortalidone 50mg tablets,42207311000001106,VMP,0202010F0AAAAAA
23983011000001107,Chlortalidone 50mg tablets,23983011000001107,AMP,0202010F0AAAAAA
23996811000001109,Chlortalidone 50mg tablets,23996811000001109,AMP,0202010F0AAAAAA
31989011000001101,Chlortalidone 50mg tablets,31989011000001101,AMP,0202010F0AAAAAA
38831911000001108,Chlortalidone 50mg tablets,38831911000001108,AMP,0202010F0AAAAAA
23667611000001109,Chlortalidone 50mg tablets,23667611000001109,AMP,0202010F0AAAAAA
8359911000001106,Chlortalidone 50mg/5ml oral suspension,8359911000001106,VMP,0202010F0AAAKAK
8342111000001101,Chlortalidone 50mg/5ml oral suspension,8342111000001101,AMP,0202010F0AAAKAK
39565011000001104,Chlortalidone 12.5mg tablets,39565011000001104,VMP,0202010F0AAALAL
285911000001101,Hygroton 50mg tablets,285911000001101,AMP,0202010F0BBAAAA
39534311000001107,Hylaton 50mg tablets,39534311000001107,AMP,0202010F0BCAAAA
39533411000001103,Hylaton 12.5mg tablets,39533411000001103,AMP,0202010F0BCABAL
42208211000001104,Cyclopenthiazide 500microgram tablets,42208211000001104,VMP,0202010J0AAAAAA
487811000001100,Navidrex 500microgram tablets,487811000001100,AMP,0202010J0BBAAAA
42211611000001108,Hydrochlorothiazide 25mg tablets,42211611000001108,VMP,0202010L0AAABAB
20528911000001104,Hydrochlorothiazide 25mg tablets,20528911000001104,AMP,0202010L0AAABAB
42211711000001104,Hydrochlorothiazide 50mg tablets,42211711000001104,VMP,0202010L0AAACAC
20529211000001103,Hydrochlorothiazide 50mg tablets,20529211000001103,AMP,0202010L0AAACAC
8529211000001103,Hydrochlorothiazide 12.5mg/5ml oral solution,8529211000001103,VMP,0202010L0AAAJAJ
8529311000001106,Hydrochlorothiazide 12.5mg/5ml oral suspension,8529311000001106,VMP,0202010L0AAAJAJ
8518311000001109,Hydrochlorothiazide 12.5mg/5ml oral solution,8518311000001109,AMP,0202010L0AAAJAJ
8519311000001103,Hydrochlorothiazide 12.5mg/5ml oral suspension,8519311000001103,AMP,0202010L0AAAJAJ
12538911000001109,Hydrochlorothiazide 6.25mg/5ml oral solution,12538911000001109,VMP,0202010L0AAAKAK
12539011000001100,Hydrochlorothiazide 6.25mg/5ml oral suspension,12539011000001100,VMP,0202010L0AAAKAK
12509311000001105,Hydrochlorothiazide 6.25mg/5ml oral solution,12509311000001105,AMP,0202010L0AAAKAK
12509011000001107,Hydrochlorothiazide 6.25mg/5ml oral suspension,12509011000001107,AMP,0202010L0AAAKAK
12506511000001109,Hydrochlorothiazide 20mg/5ml oral solution,12506511000001109,VMP,0202010L0AAALAL
12506611000001108,Hydrochlorothiazide 20mg/5ml oral suspension,12506611000001108,VMP,0202010L0AAALAL
12501711000001105,Hydrochlorothiazide 20mg/5ml oral solution,12501711000001105,AMP,0202010L0AAALAL
12501411000001104,Hydrochlorothiazide 20mg/5ml oral suspension,12501411000001104,AMP,0202010L0AAALAL
8529411000001104,Hydrochlorothiazide 25mg/5ml oral solution,8529411000001104,VMP,0202010L0AAAMAM
8529511000001100,Hydrochlorothiazide 25mg/5ml oral suspension,8529511000001100,VMP,0202010L0AAAMAM
8517311000001108,Hydrochlorothiazide 25mg/5ml oral solution,8517311000001108,AMP,0202010L0AAAMAM
8519611000001108,Hydrochlorothiazide 25mg/5ml oral suspension,8519611000001108,AMP,0202010L0AAAMAM
12506311000001103,Hydrochlorothiazide 15mg/5ml oral solution,12506311000001103,VMP,0202010L0AAANAN
12506411000001105,Hydrochlorothiazide 15mg/5ml oral suspension,12506411000001105,VMP,0202010L0AAANAN
12501111000001109,Hydrochlorothiazide 15mg/5ml oral solution,12501111000001109,AMP,0202010L0AAANAN
12500811000001105,Hydrochlorothiazide 15mg/5ml oral suspension,12500811000001105,AMP,0202010L0AAANAN
8529611000001101,Hydrochlorothiazide 50mg/5ml oral solution,8529611000001101,VMP,0202010L0AAAPAP
8529711000001105,Hydrochlorothiazide 50mg/5ml oral suspension,8529711000001105,VMP,0202010L0AAAPAP
8520711000001103,Hydrochlorothiazide 50mg/5ml oral solution,8520711000001103,AMP,0202010L0AAAPAP
8521011000001109,Hydrochlorothiazide 50mg/5ml oral suspension,8521011000001109,AMP,0202010L0AAAPAP
12539511000001108,Hydrochlorothiazide 7mg/5ml oral solution,12539511000001108,VMP,0202010L0AAAQAQ
12539611000001107,Hydrochlorothiazide 7mg/5ml oral suspension,12539611000001107,VMP,0202010L0AAAQAQ
12512611000001109,Hydrochlorothiazide 7mg/5ml oral solution,12512611000001109,AMP,0202010L0AAAQAQ
12511611000001103,Hydrochlorothiazide 7mg/5ml oral suspension,12511611000001103,AMP,0202010L0AAAQAQ
8529011000001108,Hydrochlorothiazide 10mg/5ml oral solution,8529011000001108,VMP,0202010L0AAASAS
8529111000001109,Hydrochlorothiazide 10mg/5ml oral suspension,8529111000001109,VMP,0202010L0AAASAS
8516711000001109,Hydrochlorothiazide 10mg/5ml oral solution,8516711000001109,AMP,0202010L0AAASAS
8519211000001106,Hydrochlorothiazide 10mg/5ml oral suspension,8519211000001106,AMP,0202010L0AAASAS
12538711000001107,Hydrochlorothiazide 5mg/5ml oral solution,12538711000001107,VMP,0202010L0AAATAT
12538811000001104,Hydrochlorothiazide 5mg/5ml oral suspension,12538811000001104,VMP,0202010L0AAATAT
12508711000001100,Hydrochlorothiazide 5mg/5ml oral solution,12508711000001100,AMP,0202010L0AAATAT
12508411000001106,Hydrochlorothiazide 5mg/5ml oral suspension,12508411000001106,AMP,0202010L0AAATAT
12539111000001104,Hydrochlorothiazide 60.8mg/5ml oral solution,12539111000001104,VMP,0202010L0AAAUAU
12539211000001105,Hydrochlorothiazide 60.8mg/5ml oral suspension,12539211000001105,VMP,0202010L0AAAUAU
12509911000001106,Hydrochlorothiazide 60.8mg/5ml oral solution,12509911000001106,AMP,0202010L0AAAUAU
12509611000001100,Hydrochlorothiazide 60.8mg/5ml oral suspension,12509611000001100,AMP,0202010L0AAAUAU
12539311000001102,Hydrochlorothiazide 6mg/5ml oral solution,12539311000001102,VMP,0202010L0AAAVAV
12539411000001109,Hydrochlorothiazide 6mg/5ml oral suspension,12539411000001109,VMP,0202010L0AAAVAV
12510911000001102,Hydrochlorothiazide 6mg/5ml oral solution,12510911000001102,AMP,0202010L0AAAVAV
12510211000001106,Hydrochlorothiazide 6mg/5ml oral suspension,12510211000001106,AMP,0202010L0AAAVAV
12538511000001102,Hydrochlorothiazide 250mg/5ml oral solution,12538511000001102,VMP,0202010L0AAAXAX
12538611000001103,Hydrochlorothiazide 250mg/5ml oral suspension,12538611000001103,VMP,0202010L0AAAXAX
12508111000001101,Hydrochlorothiazide 250mg/5ml oral solution,12508111000001101,AMP,0202010L0AAAXAX
12507811000001109,Hydrochlorothiazide 250mg/5ml oral suspension,12507811000001109,AMP,0202010L0AAAXAX
24594211000001108,Hydrochlorothiazide 12.5mg tablets,24594211000001108,VMP,0202010L0AAAYAY
24583511000001107,Hydrochlorothiazide 12.5mg tablets,24583511000001107,AMP,0202010L0AAAYAY
4544011000001109,Hydrosaluric 25mg tablets,4544011000001109,AMP,0202010L0BCAAAB
4546211000001109,Hydrosaluric 50mg tablets,4546211000001109,AMP,0202010L0BCABAC
39696211000001108,Indapamide 2.5mg tablets,39696211000001108,VMP,0202010P0AAAAAA
56211000001102,Indapamide 2.5mg tablets,56211000001102,AMP,0202010P0AAAAAA
39949711000001102,Indapamide 2.5mg tablets,39949711000001102,AMP,0202010P0AAAAAA
397311000001100,Indapamide 2.5mg tablets,397311000001100,AMP,0202010P0AAAAAA
598411000001109,Indapamide 2.5mg tablets,598411000001109,AMP,0202010P0AAAAAA
41972311000001103,Indapamide 2.5mg tablets,41972311000001103,AMP,0202010P0AAAAAA
10380011000001106,Indapamide 2.5mg tablets,10380011000001106,AMP,0202010P0AAAAAA
14784911000001103,Indapamide 2.5mg tablets,14784911000001103,AMP,0202010P0AAAAAA
13579511000001104,Indapamide 2.5mg tablets,13579511000001104,AMP,0202010P0AAAAAA
8139411000001107,Indapamide 2.5mg tablets,8139411000001107,AMP,0202010P0AAAAAA
146711000001100,Indapamide 2.5mg tablets,146711000001100,AMP,0202010P0AAAAAA
30213711000001108,Indapamide 2.5mg tablets,30213711000001108,AMP,0202010P0AAAAAA
38997911000001104,Indapamide 2.5mg tablets,38997911000001104,AMP,0202010P0AAAAAA
10437611000001100,Indapamide 2.5mg tablets,10437611000001100,AMP,0202010P0AAAAAA
17932311000001102,Indapamide 2.5mg tablets,17932311000001102,AMP,0202010P0AAAAAA
35593111000001109,Indapamide 2.5mg tablets,35593111000001109,AMP,0202010P0AAAAAA
692411000001104,Indapamide 2.5mg tablets,692411000001104,AMP,0202010P0AAAAAA
29877611000001107,Indapamide 2.5mg tablets,29877611000001107,AMP,0202010P0AAAAAA
18283111000001109,Indapamide 2.5mg tablets,18283111000001109,AMP,0202010P0AAAAAA
55911000001104,Indapamide 2.5mg tablets,55911000001104,AMP,0202010P0AAAAAA
711711000001108,Indapamide 2.5mg tablets,711711000001108,AMP,0202010P0AAAAAA
450511000001107,Indapamide 2.5mg tablets,450511000001107,AMP,0202010P0AAAAAA
21924511000001102,Indapamide 2.5mg tablets,21924511000001102,AMP,0202010P0AAAAAA
214811000001107,Indapamide 2.5mg tablets,214811000001107,AMP,0202010P0AAAAAA
21578911000001105,Indapamide 2.5mg/5ml oral suspension,21578911000001105,VMP,0202010P0AAABAB
21575211000001108,Indapamide 2.5mg/5ml oral suspension,21575211000001108,AMP,0202010P0AAABAB
39020711000001100,Indapamide 1.5mg modified-release tablets,39020711000001100,VMP,0202010P0AAADAD
14170611000001100,Indapamide 1.5mg modified-release tablets,14170611000001100,AMP,0202010P0AAADAD
41618711000001105,Indapamide 1.5mg modified-release tablets,41618711000001105,AMP,0202010P0AAADAD
16569411000001100,Indapamide 1.5mg modified-release tablets,16569411000001100,AMP,0202010P0AAADAD
14598711000001105,Indapamide 1.5mg modified-release tablets,14598711000001105,AMP,0202010P0AAADAD
321811000001109,Natrilix 2.5mg tablets,321811000001109,AMP,0202010P0BBAAAA
456611000001108,Natrilix SR 1.5mg tablets,456611000001108,AMP,0202010P0BBABAD
424311000001108,Nindaxa 2.5 tablets,424311000001108,AMP,0202010P0BDAAAA
13824811000001102,Ethibide XL 1.5mg tablets,13824811000001102,AMP,0202010P0BGAAAD
14242211000001100,Tensaid XL 1.5mg tablets,14242211000001100,AMP,0202010P0BHAAAD
14693611000001102,Varbim XL 1.5mg tablets,14693611000001102,AMP,0202010P0BIAAAD
15436111000001104,Indipam XL 1.5mg tablets,15436111000001104,AMP,0202010P0BJAAAD
15600711000001107,Mapemid XL 1.5mg tablets,15600711000001107,AMP,0202010P0BKAAAD
16737911000001105,Rawel XL 1.5mg tablets,16737911000001105,AMP,0202010P0BLAAAD
24331611000001104,Cardide SR 1.5mg tablets,24331611000001104,AMP,0202010P0BMAAAD
34494911000001106,Alkapamid XL 1.5mg tablets,34494911000001106,AMP,0202010P0BNAAAD
36594211000001103,Alkapamid XL 1.5mg tablets,36594211000001103,AMP,0202010P0BPAAAD
36812711000001103,Lorvacs XL 1.5mg tablets,36812711000001103,AMP,0202010P0BQAAAD
42213711000001103,Metolazone 5mg tablets,42213711000001103,VMP,0202010V0AAAAAA
24502311000001105,Metolazone 5mg tablets,24502311000001105,AMP,0202010V0AAAAAA
13005711000001100,Metolazone 1mg/5ml oral solution,13005711000001100,VMP,0202010V0AAAFAF
13005811000001108,Metolazone 1mg/5ml oral suspension,13005811000001108,VMP,0202010V0AAAFAF
12951311000001108,Metolazone 1mg/5ml oral solution,12951311000001108,AMP,0202010V0AAAFAF
12951011000001105,Metolazone 1mg/5ml oral suspension,12951011000001105,AMP,0202010V0AAAFAF
13006311000001109,Metolazone 5mg/5ml oral solution,13006311000001109,VMP,0202010V0AAAHAH
13006411000001102,Metolazone 5mg/5ml oral suspension,13006411000001102,VMP,0202010V0AAAHAH
12953511000001103,Metolazone 5mg/5ml oral solution,12953511000001103,AMP,0202010V0AAAHAH
12953211000001101,Metolazone 5mg/5ml oral suspension,12953211000001101,AMP,0202010V0AAAHAH
13006111000001107,Metolazone 500micrograms/5ml oral solution,13006111000001107,VMP,0202010V0AAAJAJ
13006211000001101,Metolazone 500micrograms/5ml oral suspension,13006211000001101,VMP,0202010V0AAAJAJ
12952711000001100,Metolazone 500micrograms/5ml oral solution,12952711000001100,AMP,0202010V0AAAJAJ
12952411000001106,Metolazone 500micrograms/5ml oral suspension,12952411000001106,AMP,0202010V0AAAJAJ
13005911000001103,Metolazone 2.5mg/5ml oral solution,13005911000001103,VMP,0202010V0AAAKAK
13006011000001106,Metolazone 2.5mg/5ml oral suspension,13006011000001106,VMP,0202010V0AAAKAK
12952111000001101,Metolazone 2.5mg/5ml oral solution,12952111000001101,AMP,0202010V0AAAKAK
12951611000001103,Metolazone 2.5mg/5ml oral suspension,12951611000001103,AMP,0202010V0AAAKAK
13005511000001105,Metolazone 1.25mg/5ml oral solution,13005511000001105,VMP,0202010V0AAAMAM
13005611000001109,Metolazone 1.25mg/5ml oral suspension,13005611000001109,VMP,0202010V0AAAMAM
12950711000001104,Metolazone 1.25mg/5ml oral solution,12950711000001104,AMP,0202010V0AAAMAM
12950411000001105,Metolazone 1.25mg/5ml oral suspension,12950411000001105,AMP,0202010V0AAAMAM
42213611000001107,Metolazone 2.5mg tablets,42213611000001107,VMP,0202010V0AAANAN
24502011000001107,Metolazone 2.5mg tablets,24502011000001107,AMP,0202010V0AAANAN
375611000001109,Metenix 5mg tablets,375611000001109,AMP,0202010V0BBAAAA
21574911000001103,Zaroxolyn 2.5mg tablets,21574911000001103,AMP,0202010V0BEAAAN
21574611000001109,Zaroxolyn 5mg tablets,21574611000001109,AMP,0202010V0BEABAA
40559411000001103,Xaqua 5mg tablets,40559411000001103,AMP,0202010V0BFAAAA
35912911000001108,Bumetanide 2mg/4ml solution for injection ampoules,35912911000001108,VMP,0202020D0AAABAB
4451311000001103,Bumetanide 2mg/4ml solution for injection ampoules,4451311000001103,AMP,0202020D0AAABAB
4451511000001109,Bumetanide 2mg/4ml solution for injection ampoules,4451511000001109,AMP,0202020D0AAABAB
11555811000001108,Bumetanide 2mg/4ml solution for injection ampoules,11555811000001108,AMP,0202020D0AAABAB
42292611000001101,Bumetanide 1mg/5ml oral solution sugar free,42292611000001101,VMP,0202020D0AAADAD
484611000001105,Bumetanide 1mg/5ml oral solution sugar free,484611000001105,AMP,0202020D0AAADAD
679111000001109,Bumetanide 1mg/5ml oral solution sugar free,679111000001109,AMP,0202020D0AAADAD
25833011000001104,Bumetanide 1mg/5ml oral solution sugar free,25833011000001104,AMP,0202020D0AAADAD
31353511000001106,Bumetanide 1mg/5ml oral solution sugar free,31353511000001106,AMP,0202020D0AAADAD
716011000001104,Bumetanide 1mg/5ml oral solution sugar free,716011000001104,AMP,0202020D0AAADAD
14781611000001107,Bumetanide 1mg/5ml oral solution sugar free,14781611000001107,AMP,0202020D0AAADAD
40975811000001109,Bumetanide 1mg/5ml oral solution sugar free,40975811000001109,AMP,0202020D0AAADAD
42292511000001100,Bumetanide 1mg tablets,42292511000001100,VMP,0202020D0AAAEAE
43411000001106,Bumetanide 1mg tablets,43411000001106,AMP,0202020D0AAAEAE
42392511000001105,Bumetanide 1mg tablets,42392511000001105,AMP,0202020D0AAAEAE
539611000001107,Bumetanide 1mg tablets,539611000001107,AMP,0202020D0AAAEAE
731811000001106,Bumetanide 1mg tablets,731811000001106,AMP,0202020D0AAAEAE
9793511000001108,Bumetanide 1mg tablets,9793511000001108,AMP,0202020D0AAAEAE
10385911000001101,Bumetanide 1mg tablets,10385911000001101,AMP,0202020D0AAAEAE
689011000001100,Bumetanide 1mg tablets,689011000001100,AMP,0202020D0AAAEAE
22622811000001107,Bumetanide 1mg tablets,22622811000001107,AMP,0202020D0AAAEAE
226011000001101,Bumetanide 1mg tablets,226011000001101,AMP,0202020D0AAAEAE
42440311000001100,Bumetanide 1mg tablets,42440311000001100,AMP,0202020D0AAAEAE
443511000001103,Bumetanide 1mg tablets,443511000001103,AMP,0202020D0AAAEAE
37046811000001102,Bumetanide 1mg tablets,37046811000001102,AMP,0202020D0AAAEAE
38812711000001108,Bumetanide 1mg tablets,38812711000001108,AMP,0202020D0AAAEAE
14106511000001105,Bumetanide 1mg tablets,14106511000001105,AMP,0202020D0AAAEAE
40083411000001106,Bumetanide 1mg tablets,40083411000001106,AMP,0202020D0AAAEAE
17810611000001109,Bumetanide 1mg tablets,17810611000001109,AMP,0202020D0AAAEAE
29775711000001107,Bumetanide 1mg tablets,29775711000001107,AMP,0202020D0AAAEAE
274211000001100,Bumetanide 1mg tablets,274211000001100,AMP,0202020D0AAAEAE
402111000001109,Bumetanide 1mg tablets,402111000001109,AMP,0202020D0AAAEAE
21804811000001102,Bumetanide 1mg tablets,21804811000001102,AMP,0202020D0AAAEAE
42292711000001105,Bumetanide 5mg tablets,42292711000001105,VMP,0202020D0AAAFAF
376211000001101,Bumetanide 5mg tablets,376211000001101,AMP,0202020D0AAAFAF
476011000001104,Bumetanide 5mg tablets,476011000001104,AMP,0202020D0AAAFAF
10386311000001107,Bumetanide 5mg tablets,10386311000001107,AMP,0202020D0AAAFAF
912611000001101,Bumetanide 5mg tablets,912611000001101,AMP,0202020D0AAAFAF
22623011000001105,Bumetanide 5mg tablets,22623011000001105,AMP,0202020D0AAAFAF
543811000001108,Bumetanide 5mg tablets,543811000001108,AMP,0202020D0AAAFAF
42440611000001105,Bumetanide 5mg tablets,42440611000001105,AMP,0202020D0AAAFAF
629311000001107,Bumetanide 5mg tablets,629311000001107,AMP,0202020D0AAAFAF
30004711000001103,Bumetanide 5mg tablets,30004711000001103,AMP,0202020D0AAAFAF
38812911000001105,Bumetanide 5mg tablets,38812911000001105,AMP,0202020D0AAAFAF
14106711000001100,Bumetanide 5mg tablets,14106711000001100,AMP,0202020D0AAAFAF
17810911000001103,Bumetanide 5mg tablets,17810911000001103,AMP,0202020D0AAAFAF
29776111000001100,Bumetanide 5mg tablets,29776111000001100,AMP,0202020D0AAAFAF
102011000001107,Bumetanide 5mg tablets,102011000001107,AMP,0202020D0AAAFAF
196711000001105,Bumetanide 5mg tablets,196711000001105,AMP,0202020D0AAAFAF
21805011000001107,Bumetanide 5mg tablets,21805011000001107,AMP,0202020D0AAAFAF
30798811000001102,Bumetanide 5mg/5ml oral suspension,30798811000001102,VMP,0202020D0AAAGAG
30796711000001106,Bumetanide 5mg/5ml oral suspension,30796711000001106,AMP,0202020D0AAAGAG
846411000001100,Burinex 1mg tablets,846411000001100,AMP,0202020D0BBAAAE
521811000001107,Burinex 5mg tablets,521811000001107,AMP,0202020D0BBABAF
36061411000001102,Furosemide 20mg/2ml solution for injection ampoules,36061411000001102,VMP,0202020L0AAAAAA
725611000001107,Furosemide 20mg/2ml solution for injection ampoules,725611000001107,AMP,0202020L0AAAAAA
39145811000001105,Furosemide 20mg/2ml solution for injection ampoules,39145811000001105,AMP,0202020L0AAAAAA
30786611000001101,Furosemide 20mg/2ml solution for injection ampoules,30786611000001101,AMP,0202020L0AAAAAA
10684211000001100,Furosemide 20mg/2ml solution for injection ampoules,10684211000001100,AMP,0202020L0AAAAAA
120011000001102,Furosemide 20mg/2ml solution for injection ampoules,120011000001102,AMP,0202020L0AAAAAA
38733411000001104,Furosemide 20mg/2ml solution for injection ampoules,38733411000001104,AMP,0202020L0AAAAAA
45757411000001102,Furosemide 20mg/2ml solution for injection ampoules,45757411000001102,AMP,0202020L0AAAAAA
40836011000001103,Furosemide 20mg/2ml solution for injection ampoules,40836011000001103,AMP,0202020L0AAAAAA
633511000001100,Furosemide 20mg/2ml solution for injection ampoules,633511000001100,AMP,0202020L0AAAAAA
34536911000001101,Furosemide 20mg/2ml solution for injection ampoules,34536911000001101,AMP,0202020L0AAAAAA
20162111000001103,Furosemide 20mg/2ml solution for injection ampoules,20162111000001103,AMP,0202020L0AAAAAA
5088111000001102,Furosemide 20mg/2ml solution for injection ampoules,5088111000001102,AMP,0202020L0AAAAAA
36061511000001103,Furosemide 50mg/5ml solution for injection ampoules,36061511000001103,VMP,0202020L0AAABAB
38311000001108,Furosemide 50mg/5ml solution for injection ampoules,38311000001108,AMP,0202020L0AAABAB
44020811000001108,Furosemide 50mg/5ml solution for injection ampoules,44020811000001108,AMP,0202020L0AAABAB
34943511000001106,Furosemide 50mg/5ml solution for injection ampoules,34943511000001106,AMP,0202020L0AAABAB
10684811000001104,Furosemide 50mg/5ml solution for injection ampoules,10684811000001104,AMP,0202020L0AAABAB
261011000001100,Furosemide 50mg/5ml solution for injection ampoules,261011000001100,AMP,0202020L0AAABAB
38733611000001101,Furosemide 50mg/5ml solution for injection ampoules,38733611000001101,AMP,0202020L0AAABAB
140111000001104,Furosemide 50mg/5ml solution for injection ampoules,140111000001104,AMP,0202020L0AAABAB
34537111000001101,Furosemide 50mg/5ml solution for injection ampoules,34537111000001101,AMP,0202020L0AAABAB
5088711000001101,Furosemide 50mg/5ml solution for injection ampoules,5088711000001101,AMP,0202020L0AAABAB
34193711000001108,Furosemide 250mg/25ml solution for injection ampoules,34193711000001108,VMP,0202020L0AAADAD
606211000001100,Furosemide 250mg/25ml solution for injection ampoules,606211000001100,AMP,0202020L0AAADAD
10684511000001102,Furosemide 250mg/25ml solution for injection ampoules,10684511000001102,AMP,0202020L0AAADAD
504311000001109,Furosemide 250mg/25ml solution for injection ampoules,504311000001109,AMP,0202020L0AAADAD
11026211000001100,Furosemide 250mg/25ml solution for injection ampoules,11026211000001100,AMP,0202020L0AAADAD
5089011000001108,Furosemide 250mg/25ml solution for injection ampoules,5089011000001108,AMP,0202020L0AAADAD
13938811000001104,Furosemide 20mg/2ml solution for injection vials,13938811000001104,VMP,0202020L0AAAEAE
13938611000001103,Furosemide 20mg/2ml solution for injection vials,13938611000001103,AMP,0202020L0AAAEAE
42295011000001103,Furosemide 5mg/5ml oral solution sugar free,42295011000001103,VMP,0202020L0AAATAT
29744111000001106,Furosemide 5mg/5ml oral solution sugar free,29744111000001106,AMP,0202020L0AAATAT
42294711000001100,Furosemide 20mg tablets,42294711000001100,VMP,0202020L0AABBBB
202711000001106,Furosemide 20mg tablets,202711000001106,AMP,0202020L0AABBBB
631611000001100,Furosemide 20mg tablets,631611000001100,AMP,0202020L0AABBBB
121411000001102,Furosemide 20mg tablets,121411000001102,AMP,0202020L0AABBBB
9800811000001104,Furosemide 20mg tablets,9800811000001104,AMP,0202020L0AABBBB
10428711000001107,Furosemide 20mg tablets,10428711000001107,AMP,0202020L0AABBBB
14789111000001100,Furosemide 20mg tablets,14789111000001100,AMP,0202020L0AABBBB
16052611000001100,Furosemide 20mg tablets,16052611000001100,AMP,0202020L0AABBBB
28986611000001105,Furosemide 20mg tablets,28986611000001105,AMP,0202020L0AABBBB
23909911000001105,Furosemide 20mg tablets,23909911000001105,AMP,0202020L0AABBBB
35994811000001108,Furosemide 20mg tablets,35994811000001108,AMP,0202020L0AABBBB
38619211000001100,Furosemide 20mg tablets,38619211000001100,AMP,0202020L0AABBBB
42676011000001104,Furosemide 20mg tablets,42676011000001104,AMP,0202020L0AABBBB
503711000001106,Furosemide 20mg tablets,503711000001106,AMP,0202020L0AABBBB
30133711000001103,Furosemide 20mg tablets,30133711000001103,AMP,0202020L0AABBBB
38926311000001108,Furosemide 20mg tablets,38926311000001108,AMP,0202020L0AABBBB
17911411000001106,Furosemide 20mg tablets,17911411000001106,AMP,0202020L0AABBBB
40310911000001109,Furosemide 20mg tablets,40310911000001109,AMP,0202020L0AABBBB
662811000001104,Furosemide 20mg tablets,662811000001104,AMP,0202020L0AABBBB
15089311000001105,Furosemide 20mg tablets,15089311000001105,AMP,0202020L0AABBBB
37058211000001104,Furosemide 20mg tablets,37058211000001104,AMP,0202020L0AABBBB
8751011000001109,Furosemide 20mg tablets,8751011000001109,AMP,0202020L0AABBBB
17211000001105,Furosemide 20mg tablets,17211000001105,AMP,0202020L0AABBBB
229711000001109,Furosemide 20mg tablets,229711000001109,AMP,0202020L0AABBBB
22018711000001104,Furosemide 20mg tablets,22018711000001104,AMP,0202020L0AABBBB
539911000001101,Furosemide 20mg tablets,539911000001101,AMP,0202020L0AABBBB
42294811000001108,Furosemide 40mg tablets,42294811000001108,VMP,0202020L0AABDBD
100611000001101,Furosemide 40mg tablets,100611000001101,AMP,0202020L0AABDBD
18461911000001109,Furosemide 40mg tablets,18461911000001109,AMP,0202020L0AABDBD
351511000001105,Furosemide 40mg tablets,351511000001105,AMP,0202020L0AABDBD
19309711000001101,Furosemide 40mg tablets,19309711000001101,AMP,0202020L0AABDBD
139011000001107,Furosemide 40mg tablets,139011000001107,AMP,0202020L0AABDBD
9801311000001103,Furosemide 40mg tablets,9801311000001103,AMP,0202020L0AABDBD
10429011000001100,Furosemide 40mg tablets,10429011000001100,AMP,0202020L0AABDBD
14788811000001100,Furosemide 40mg tablets,14788811000001100,AMP,0202020L0AABDBD
16052911000001106,Furosemide 40mg tablets,16052911000001106,AMP,0202020L0AABDBD
28986811000001109,Furosemide 40mg tablets,28986811000001109,AMP,0202020L0AABDBD
23910211000001105,Furosemide 40mg tablets,23910211000001105,AMP,0202020L0AABDBD
36105711000001104,Furosemide 40mg tablets,36105711000001104,AMP,0202020L0AABDBD
42494411000001105,Furosemide 40mg tablets,42494411000001105,AMP,0202020L0AABDBD
856211000001101,Furosemide 40mg tablets,856211000001101,AMP,0202020L0AABDBD
39950211000001104,Furosemide 40mg tablets,39950211000001104,AMP,0202020L0AABDBD
765411000001103,Furosemide 40mg tablets,765411000001103,AMP,0202020L0AABDBD
30133911000001101,Furosemide 40mg tablets,30133911000001101,AMP,0202020L0AABDBD
38927611000001101,Furosemide 40mg tablets,38927611000001101,AMP,0202020L0AABDBD
17911611000001109,Furosemide 40mg tablets,17911611000001109,AMP,0202020L0AABDBD
40311111000001100,Furosemide 40mg tablets,40311111000001100,AMP,0202020L0AABDBD
864611000001104,Furosemide 40mg tablets,864611000001104,AMP,0202020L0AABDBD
29867711000001105,Furosemide 40mg tablets,29867711000001105,AMP,0202020L0AABDBD
37058411000001100,Furosemide 40mg tablets,37058411000001100,AMP,0202020L0AABDBD
8751711000001106,Furosemide 40mg tablets,8751711000001106,AMP,0202020L0AABDBD
472211000001108,Furosemide 40mg tablets,472211000001108,AMP,0202020L0AABDBD
147711000001102,Furosemide 40mg tablets,147711000001102,AMP,0202020L0AABDBD
22018911000001102,Furosemide 40mg tablets,22018911000001102,AMP,0202020L0AABDBD
445111000001108,Furosemide 40mg tablets,445111000001108,AMP,0202020L0AABDBD
42294911000001103,Furosemide 500mg tablets,42294911000001103,VMP,0202020L0AABIBI
119611000001105,Furosemide 500mg tablets,119611000001105,AMP,0202020L0AABIBI
822211000001103,Furosemide 500mg tablets,822211000001103,AMP,0202020L0AABIBI
19309911000001104,Furosemide 500mg tablets,19309911000001104,AMP,0202020L0AABIBI
305311000001105,Furosemide 500mg tablets,305311000001105,AMP,0202020L0AABIBI
23910911000001101,Furosemide 500mg tablets,23910911000001101,AMP,0202020L0AABIBI
40940411000001101,Furosemide 500mg tablets,40940411000001101,AMP,0202020L0AABIBI
22780211000001108,Furosemide 500mg tablets,22780211000001108,AMP,0202020L0AABIBI
356211000001104,Furosemide 500mg tablets,356211000001104,AMP,0202020L0AABIBI
24658711000001109,Furosemide 500mg tablets,24658711000001109,AMP,0202020L0AABIBI
38927211000001103,Furosemide 500mg tablets,38927211000001103,AMP,0202020L0AABIBI
28126611000001102,Furosemide 500mg tablets,28126611000001102,AMP,0202020L0AABIBI
17911811000001108,Furosemide 500mg tablets,17911811000001108,AMP,0202020L0AABIBI
24654511000001106,Furosemide 500mg tablets,24654511000001106,AMP,0202020L0AABIBI
752711000001106,Furosemide 500mg tablets,752711000001106,AMP,0202020L0AABIBI
39021211000001101,Furosemide 40mg/5ml oral solution sugar free,39021211000001101,VMP,0202020L0AABNBN
10214011000001105,Furosemide 40mg/5ml oral solution sugar free,10214011000001105,AMP,0202020L0AABNBN
10305811000001105,Furosemide 40mg/5ml oral solution sugar free,10305811000001105,AMP,0202020L0AABNBN
10272211000001102,Furosemide 40mg/5ml oral solution sugar free,10272211000001102,AMP,0202020L0AABNBN
23982011000001103,Furosemide 40mg/5ml oral solution sugar free,23982011000001103,AMP,0202020L0AABNBN
539111000001104,Furosemide 40mg/5ml oral solution sugar free,539111000001104,AMP,0202020L0AABNBN
38927011000001108,Furosemide 40mg/5ml oral solution sugar free,38927011000001108,AMP,0202020L0AABNBN
13621911000001101,Furosemide 40mg/5ml oral solution sugar free,13621911000001101,AMP,0202020L0AABNBN
18706911000001106,Furosemide 40mg/5ml oral solution sugar free,18706911000001106,AMP,0202020L0AABNBN
30803411000001105,Furosemide 40mg/5ml oral solution sugar free,30803411000001105,AMP,0202020L0AABNBN
10736611000001106,Furosemide 40mg/5ml oral solution sugar free,10736611000001106,AMP,0202020L0AABNBN
22018511000001109,Furosemide 40mg/5ml oral solution sugar free,22018511000001109,AMP,0202020L0AABNBN
36564411000001102,Furosemide 50mg/5ml oral solution sugar free,36564411000001102,VMP,0202020L0AABPBP
10214511000001102,Furosemide 50mg/5ml oral solution sugar free,10214511000001102,AMP,0202020L0AABPBP
10309111000001101,Furosemide 50mg/5ml oral solution sugar free,10309111000001101,AMP,0202020L0AABPBP
10272411000001103,Furosemide 50mg/5ml oral solution sugar free,10272411000001103,AMP,0202020L0AABPBP
23982211000001108,Furosemide 50mg/5ml oral solution sugar free,23982211000001108,AMP,0202020L0AABPBP
38927411000001104,Furosemide 50mg/5ml oral solution sugar free,38927411000001104,AMP,0202020L0AABPBP
13622111000001109,Furosemide 50mg/5ml oral solution sugar free,13622111000001109,AMP,0202020L0AABPBP
18716211000001100,Furosemide 50mg/5ml oral solution sugar free,18716211000001100,AMP,0202020L0AABPBP
30803911000001102,Furosemide 50mg/5ml oral solution sugar free,30803911000001102,AMP,0202020L0AABPBP
10736811000001105,Furosemide 50mg/5ml oral solution sugar free,10736811000001105,AMP,0202020L0AABPBP
39108611000001107,Furosemide 20mg/5ml oral solution sugar free,39108611000001107,VMP,0202020L0AABQBQ
10213511000001100,Furosemide 20mg/5ml oral solution sugar free,10213511000001100,AMP,0202020L0AABQBQ
10305611000001106,Furosemide 20mg/5ml oral solution sugar free,10305611000001106,AMP,0202020L0AABQBQ
10272011000001107,Furosemide 20mg/5ml oral solution sugar free,10272011000001107,AMP,0202020L0AABQBQ
23981811000001100,Furosemide 20mg/5ml oral solution sugar free,23981811000001100,AMP,0202020L0AABQBQ
38926611000001103,Furosemide 20mg/5ml oral solution sugar free,38926611000001103,AMP,0202020L0AABQBQ
13621711000001103,Furosemide 20mg/5ml oral solution sugar free,13621711000001103,AMP,0202020L0AABQBQ
18706311000001105,Furosemide 20mg/5ml oral solution sugar free,18706311000001105,AMP,0202020L0AABQBQ
30802911000001109,Furosemide 20mg/5ml oral solution sugar free,30802911000001109,AMP,0202020L0AABQBQ
10828311000001102,Furosemide 20mg/5ml oral solution sugar free,10828311000001102,AMP,0202020L0AABQBQ
22018311000001103,Furosemide 20mg/5ml oral solution sugar free,22018311000001103,AMP,0202020L0AABQBQ
36061611000001104,Furosemide 80mg/8ml solution for injection pre-filled syringes,36061611000001104,VMP,0202020L0AABSBS
7383311000001106,Furosemide 80mg/8ml solution for injection pre-filled syringes,7383311000001106,AMP,0202020L0AABSBS
12088111000001103,Furosemide 50mg/5ml oral solution,12088111000001103,VMP,0202020L0AABXBX
12088211000001109,Furosemide 50mg/5ml oral suspension,12088211000001109,VMP,0202020L0AABXBX
12050911000001106,Furosemide 50mg/5ml oral solution,12050911000001106,AMP,0202020L0AABXBX
12050311000001105,Furosemide 50mg/5ml oral suspension,12050311000001105,AMP,0202020L0AABXBX
12087711000001103,Furosemide 40mg/5ml oral solution,12087711000001103,VMP,0202020L0AABYBY
12087811000001106,Furosemide 40mg/5ml oral suspension,12087811000001106,VMP,0202020L0AABYBY
12047911000001105,Furosemide 40mg/5ml oral solution,12047911000001105,AMP,0202020L0AABYBY
12047611000001104,Furosemide 40mg/5ml oral suspension,12047611000001104,AMP,0202020L0AABYBY
12036211000001104,Furosemide 20mg/5ml oral solution,12036211000001104,VMP,0202020L0AABZBZ
12036311000001107,Furosemide 20mg/5ml oral suspension,12036311000001107,VMP,0202020L0AABZBZ
12015811000001104,Furosemide 20mg/5ml oral solution,12015811000001104,AMP,0202020L0AABZBZ
12013411000001100,Furosemide 20mg/5ml oral suspension,12013411000001100,AMP,0202020L0AABZBZ
13893411000001108,Furosemide 5mg/5ml oral solution,13893411000001108,VMP,0202020L0AACACA
13880711000001105,Furosemide 5mg/5ml oral solution,13880711000001105,AMP,0202020L0AACACA
12088711000001102,Furosemide 80mg/5ml oral solution,12088711000001102,VMP,0202020L0AACBCB
12088811000001105,Furosemide 80mg/5ml oral suspension,12088811000001105,VMP,0202020L0AACBCB
12062811000001105,Furosemide 80mg/5ml oral solution,12062811000001105,AMP,0202020L0AACBCB
12062511000001107,Furosemide 80mg/5ml oral suspension,12062511000001107,AMP,0202020L0AACBCB
12086511000001106,Furosemide 30mg/5ml oral solution,12086511000001106,VMP,0202020L0AACCCC
12086611000001105,Furosemide 30mg/5ml oral suspension,12086611000001105,VMP,0202020L0AACCCC
12039411000001107,Furosemide 30mg/5ml oral solution,12039411000001107,AMP,0202020L0AACCCC
12038711000001105,Furosemide 30mg/5ml oral suspension,12038711000001105,AMP,0202020L0AACCCC
12035011000001100,Furosemide 10mg/5ml oral solution,12035011000001100,VMP,0202020L0AACDCD
12035111000001104,Furosemide 10mg/5ml oral suspension,12035111000001104,VMP,0202020L0AACDCD
12007911000001102,Furosemide 10mg/5ml oral solution,12007911000001102,AMP,0202020L0AACDCD
12007611000001108,Furosemide 10mg/5ml oral suspension,12007611000001108,AMP,0202020L0AACDCD
12088511000001107,Furosemide 60mg/5ml oral solution,12088511000001107,VMP,0202020L0AACECE
12088611000001106,Furosemide 60mg/5ml oral suspension,12088611000001106,VMP,0202020L0AACECE
12053911000001103,Furosemide 60mg/5ml oral solution,12053911000001103,AMP,0202020L0AACECE
12053611000001109,Furosemide 60mg/5ml oral suspension,12053611000001109,AMP,0202020L0AACECE
12035411000001109,Furosemide 120mg/5ml oral solution,12035411000001109,VMP,0202020L0AACFCF
12035511000001108,Furosemide 120mg/5ml oral suspension,12035511000001108,VMP,0202020L0AACFCF
12009111000001106,Furosemide 120mg/5ml oral solution,12009111000001106,AMP,0202020L0AACFCF
12008811000001106,Furosemide 120mg/5ml oral suspension,12008811000001106,AMP,0202020L0AACFCF
12035211000001105,Furosemide 12.5mg/5ml oral solution,12035211000001105,VMP,0202020L0AACGCG
12035311000001102,Furosemide 12.5mg/5ml oral suspension,12035311000001102,VMP,0202020L0AACGCG
12008511000001108,Furosemide 12.5mg/5ml oral solution,12008511000001108,AMP,0202020L0AACGCG
12008211000001105,Furosemide 12.5mg/5ml oral suspension,12008211000001105,AMP,0202020L0AACGCG
12036411000001100,Furosemide 250mg/5ml oral solution,12036411000001100,VMP,0202020L0AACHCH
12036511000001101,Furosemide 250mg/5ml oral suspension,12036511000001101,VMP,0202020L0AACHCH
12018611000001109,Furosemide 250mg/5ml oral solution,12018611000001109,AMP,0202020L0AACHCH
12017811000001109,Furosemide 250mg/5ml oral suspension,12017811000001109,AMP,0202020L0AACHCH
12088311000001101,Furosemide 6.5mg/5ml oral solution,12088311000001101,VMP,0202020L0AACICI
12088411000001108,Furosemide 6.5mg/5ml oral suspension,12088411000001108,VMP,0202020L0AACICI
12052311000001109,Furosemide 6.5mg/5ml oral solution,12052311000001109,AMP,0202020L0AACICI
12051711000001101,Furosemide 6.5mg/5ml oral suspension,12051711000001101,AMP,0202020L0AACICI
12035611000001107,Furosemide 15mg/5ml oral solution,12035611000001107,VMP,0202020L0AACJCJ
12035711000001103,Furosemide 15mg/5ml oral suspension,12035711000001103,VMP,0202020L0AACJCJ
12009711000001107,Furosemide 15mg/5ml oral solution,12009711000001107,AMP,0202020L0AACJCJ
12009411000001101,Furosemide 15mg/5ml oral suspension,12009411000001101,AMP,0202020L0AACJCJ
12036811000001103,Furosemide 2mg/5ml oral solution,12036811000001103,VMP,0202020L0AACKCK
12036911000001108,Furosemide 2mg/5ml oral suspension,12036911000001108,VMP,0202020L0AACKCK
12029111000001104,Furosemide 2mg/5ml oral solution,12029111000001104,AMP,0202020L0AACKCK
12026911000001105,Furosemide 2mg/5ml oral suspension,12026911000001105,AMP,0202020L0AACKCK
12035811000001106,Furosemide 1mg/5ml oral solution,12035811000001106,VMP,0202020L0AACLCL
12035911000001101,Furosemide 1mg/5ml oral suspension,12035911000001101,VMP,0202020L0AACLCL
12010611000001106,Furosemide 1mg/5ml oral solution,12010611000001106,AMP,0202020L0AACLCL
12010011000001104,Furosemide 1mg/5ml oral suspension,12010011000001104,AMP,0202020L0AACLCL
12087311000001102,Furosemide 3mg/5ml oral solution,12087311000001102,VMP,0202020L0AACMCM
12087411000001109,Furosemide 3mg/5ml oral suspension,12087411000001109,VMP,0202020L0AACMCM
12045511000001107,Furosemide 3mg/5ml oral solution,12045511000001107,AMP,0202020L0AACMCM
12044911000001104,Furosemide 3mg/5ml oral suspension,12044911000001104,AMP,0202020L0AACMCM
12034811000001105,Furosemide 100mg/5ml oral solution,12034811000001105,VMP,0202020L0AACNCN
12034911000001100,Furosemide 100mg/5ml oral suspension,12034911000001100,VMP,0202020L0AACNCN
12007311000001103,Furosemide 100mg/5ml oral solution,12007311000001103,AMP,0202020L0AACNCN
12007011000001101,Furosemide 100mg/5ml oral suspension,12007011000001101,AMP,0202020L0AACNCN
12036611000001102,Furosemide 25mg/5ml oral solution,12036611000001102,VMP,0202020L0AACPCP
12036711000001106,Furosemide 25mg/5ml oral suspension,12036711000001106,VMP,0202020L0AACPCP
12025211000001107,Furosemide 25mg/5ml oral solution,12025211000001107,AMP,0202020L0AACPCP
12023411000001107,Furosemide 25mg/5ml oral suspension,12023411000001107,AMP,0202020L0AACPCP
12087911000001101,Furosemide 500mg/5ml oral solution,12087911000001101,VMP,0202020L0AACRCR
12088011000001104,Furosemide 500mg/5ml oral suspension,12088011000001104,VMP,0202020L0AACRCR
12049511000001105,Furosemide 500mg/5ml oral solution,12049511000001105,AMP,0202020L0AACRCR
12049111000001101,Furosemide 500mg/5ml oral suspension,12049111000001101,AMP,0202020L0AACRCR
12086911000001104,Furosemide 35mg/5ml oral solution,12086911000001104,VMP,0202020L0AACSCS
12087011000001100,Furosemide 35mg/5ml oral suspension,12087011000001100,VMP,0202020L0AACSCS
12042511000001101,Furosemide 35mg/5ml oral solution,12042511000001101,AMP,0202020L0AACSCS
12041911000001102,Furosemide 35mg/5ml oral suspension,12041911000001102,AMP,0202020L0AACSCS
12087511000001108,Furosemide 4.5mg/5ml oral solution,12087511000001108,VMP,0202020L0AACTCT
12087611000001107,Furosemide 4.5mg/5ml oral suspension,12087611000001107,VMP,0202020L0AACTCT
12047111000001107,Furosemide 4.5mg/5ml oral solution,12047111000001107,AMP,0202020L0AACTCT
12046511000001100,Furosemide 4.5mg/5ml oral suspension,12046511000001100,AMP,0202020L0AACTCT
12036011000001109,Furosemide 200mg/5ml oral solution,12036011000001109,VMP,0202020L0AACXCX
12036111000001105,Furosemide 200mg/5ml oral suspension,12036111000001105,VMP,0202020L0AACXCX
12011511000001100,Furosemide 200mg/5ml oral solution,12011511000001100,AMP,0202020L0AACXCX
12011011000001108,Furosemide 200mg/5ml oral suspension,12011011000001108,AMP,0202020L0AACXCX
12087111000001104,Furosemide 37.5mg/5ml oral solution,12087111000001104,VMP,0202020L0AACYCY
12087211000001105,Furosemide 37.5mg/5ml oral suspension,12087211000001105,VMP,0202020L0AACYCY
12044311000001100,Furosemide 37.5mg/5ml oral solution,12044311000001100,AMP,0202020L0AACYCY
12043111000001104,Furosemide 37.5mg/5ml oral suspension,12043111000001104,AMP,0202020L0AACYCY
12086711000001101,Furosemide 330mg/5ml oral solution,12086711000001101,VMP,0202020L0AADADA
12086811000001109,Furosemide 330mg/5ml oral suspension,12086811000001109,VMP,0202020L0AADADA
12041011000001101,Furosemide 330mg/5ml oral solution,12041011000001101,AMP,0202020L0AADADA
12040211000001100,Furosemide 330mg/5ml oral suspension,12040211000001100,AMP,0202020L0AADADA
12088911000001100,Furosemide 8mg/5ml oral solution,12088911000001100,VMP,0202020L0AADDDD
12089011000001109,Furosemide 8mg/5ml oral suspension,12089011000001109,VMP,0202020L0AADDDD
12063111000001109,Furosemide 8mg/5ml oral solution,12063111000001109,AMP,0202020L0AADDDD
12063411000001104,Furosemide 8mg/5ml oral suspension,12063411000001104,AMP,0202020L0AADDDD
8519911000001102,Furosemide 4mg/5ml oral solution,8519911000001102,VMP,0202020L0AADEDE
8520011000001100,Furosemide 4mg/5ml oral suspension,8520011000001100,VMP,0202020L0AADEDE
8491711000001105,Furosemide 4mg/5ml oral solution,8491711000001105,AMP,0202020L0AADEDE
8492711000001103,Furosemide 4mg/5ml oral suspension,8492711000001103,AMP,0202020L0AADEDE
12037011000001107,Furosemide 3.4mg/5ml oral solution,12037011000001107,VMP,0202020L0AADFDF
12037211000001102,Furosemide 3.4mg/5ml oral suspension,12037211000001102,VMP,0202020L0AADFDF
12032511000001102,Furosemide 3.4mg/5ml oral solution,12032511000001102,AMP,0202020L0AADFDF
12031211000001107,Furosemide 3.4mg/5ml oral suspension,12031211000001107,AMP,0202020L0AADFDF
20419111000001107,Furosemide 250mg/25ml solution for injection vials,20419111000001107,VMP,0202020L0AADIDI
20394211000001109,Furosemide 250mg/25ml solution for injection vials,20394211000001109,AMP,0202020L0AADIDI
39149311000001104,Furosemide 40mg/4ml solution for injection ampoules,39149311000001104,VMP,0202020L0AADJDJ
39148011000001107,Furosemide 40mg/4ml solution for injection ampoules,39148011000001107,AMP,0202020L0AADJDJ
45727211000001102,Furosemide 40mg/4ml solution for injection ampoules,45727211000001102,AMP,0202020L0AADJDJ
13893511000001107,Furosemide 5mg/5ml oral suspension,13893511000001107,VMP,0202020L0AADKDK
13881511000001107,Furosemide 5mg/5ml oral suspension,13881511000001107,AMP,0202020L0AADKDK
27992311000001106,Diuresal 500mg tablets,27992311000001106,AMP,0202020L0BCADBI
701111000001105,Lasix 5mg/5ml oral solution,701111000001105,AMP,0202020L0BGAAAT
9611000001104,Lasix 20mg/2ml solution for injection ampoules,9611000001104,AMP,0202020L0BGABAA
701611000001102,Lasix 20mg tablets,701611000001102,AMP,0202020L0BGAGBB
79411000001107,Lasix 40mg tablets,79411000001107,AMP,0202020L0BGAHBD
829911000001102,Lasix 500mg tablets,829911000001102,AMP,0202020L0BGAIBI
2898811000001106,Furosemide 80mg/8ml solution for injection Minijet pre-filled syringes,2898811000001106,AMP,0202020L0BIAGBS
99311000001108,Frusid 40mg tablets,99311000001108,AMP,0202020L0BPAABD
714311000001107,Froop 40mg tablets,714311000001107,AMP,0202020L0BWAABD
602811000001100,Frusol 20mg/5ml oral solution,602811000001100,AMP,0202020L0BZAABQ
494811000001105,Frusol 40mg/5ml oral solution,494811000001105,AMP,0202020L0BZABBN
855611000001109,Frusol 50mg/5ml oral solution,855611000001109,AMP,0202020L0BZACBP
42299011000001101,Torasemide 2.5mg tablets,42299011000001101,VMP,0202020U0AAAAAA
42302111000001103,Torasemide 2.5mg tablets,42302111000001103,AMP,0202020U0AAAAAA
42299111000001100,Torasemide 5mg tablets,42299111000001100,VMP,0202020U0AAABAB
5889911000001108,Torasemide 5mg tablets,5889911000001108,AMP,0202020U0AAABAB
40820411000001108,Torasemide 5mg tablets,40820411000001108,AMP,0202020U0AAABAB
30102211000001107,Torasemide 5mg tablets,30102211000001107,AMP,0202020U0AAABAB
5634311000001107,Torasemide 5mg tablets,5634311000001107,AMP,0202020U0AAABAB
39913511000001103,Torasemide 5mg tablets,39913511000001103,AMP,0202020U0AAABAB
42302311000001101,Torasemide 5mg tablets,42302311000001101,AMP,0202020U0AAABAB
11415211000001105,Torasemide 5mg tablets,11415211000001105,AMP,0202020U0AAABAB
15231511000001100,Torasemide 5mg tablets,15231511000001100,AMP,0202020U0AAABAB
5592211000001107,Torasemide 5mg tablets,5592211000001107,AMP,0202020U0AAABAB
42298911000001105,Torasemide 10mg tablets,42298911000001105,VMP,0202020U0AAACAC
5895511000001103,Torasemide 10mg tablets,5895511000001103,AMP,0202020U0AAACAC
40820211000001109,Torasemide 10mg tablets,40820211000001109,AMP,0202020U0AAACAC
5634511000001101,Torasemide 10mg tablets,5634511000001101,AMP,0202020U0AAACAC
39913111000001107,Torasemide 10mg tablets,39913111000001107,AMP,0202020U0AAACAC
42302511000001107,Torasemide 10mg tablets,42302511000001107,AMP,0202020U0AAACAC
11415011000001100,Torasemide 10mg tablets,11415011000001100,AMP,0202020U0AAACAC
15231311000001106,Torasemide 10mg tablets,15231311000001106,AMP,0202020U0AAACAC
5592411000001106,Torasemide 10mg tablets,5592411000001106,AMP,0202020U0AAACAC
42337211000001103,Torasemide 20mg tablets,42337211000001103,VMP,0202020U0AAAFAF
42307911000001103,Torasemide 20mg tablets,42307911000001103,AMP,0202020U0AAAFAF
3699711000001107,Torem 2.5mg tablets,3699711000001107,AMP,0202020U0BBAAAA
3700311000001109,Torem 5mg tablets,3700311000001109,AMP,0202020U0BBABAB
3700811000001100,Torem 10mg tablets,3700811000001100,AMP,0202020U0BBACAC
11707011000001103,Amiloride 1mg/5ml oral solution,11707011000001103,VMP,0202030C0AAA1A1
11707111000001102,Amiloride 1mg/5ml oral suspension,11707111000001102,VMP,0202030C0AAA1A1
11659211000001104,Amiloride 1mg/5ml oral solution,11659211000001104,AMP,0202030C0AAA1A1
11658911000001100,Amiloride 1mg/5ml oral suspension,11658911000001100,AMP,0202030C0AAA1A1
11708011000001102,Amiloride 3mg/5ml oral solution,11708011000001102,VMP,0202030C0AAA2A2
11708111000001101,Amiloride 3mg/5ml oral suspension,11708111000001101,VMP,0202030C0AAA2A2
11664211000001108,Amiloride 3mg/5ml oral solution,11664211000001108,AMP,0202030C0AAA2A2
11663711000001103,Amiloride 3mg/5ml oral suspension,11663711000001103,AMP,0202030C0AAA2A2
11708411000001106,Amiloride 4mg/5ml oral solution,11708411000001106,VMP,0202030C0AAA3A3
11708511000001105,Amiloride 4mg/5ml oral suspension,11708511000001105,VMP,0202030C0AAA3A3
11667111000001107,Amiloride 4mg/5ml oral solution,11667111000001107,AMP,0202030C0AAA3A3
11666511000001100,Amiloride 4mg/5ml oral suspension,11666511000001100,AMP,0202030C0AAA3A3
11707411000001107,Amiloride 2.5mg/5ml oral solution,11707411000001107,VMP,0202030C0AAA4A4
11707511000001106,Amiloride 2.5mg/5ml oral suspension,11707511000001106,VMP,0202030C0AAA4A4
11661311000001103,Amiloride 2.5mg/5ml oral solution,11661311000001103,AMP,0202030C0AAA4A4
11660811000001104,Amiloride 2.5mg/5ml oral suspension,11660811000001104,AMP,0202030C0AAA4A4
11707811000001109,Amiloride 300micrograms/5ml oral solution,11707811000001109,VMP,0202030C0AAA5A5
11707911000001104,Amiloride 300micrograms/5ml oral suspension,11707911000001104,VMP,0202030C0AAA5A5
11663111000001104,Amiloride 300micrograms/5ml oral solution,11663111000001104,AMP,0202030C0AAA5A5
11662511000001101,Amiloride 300micrograms/5ml oral suspension,11662511000001101,AMP,0202030C0AAA5A5
11707611000001105,Amiloride 2mg/5ml oral solution,11707611000001105,VMP,0202030C0AAA6A6
11707711000001101,Amiloride 2mg/5ml oral suspension,11707711000001101,VMP,0202030C0AAA6A6
11662011000001109,Amiloride 2mg/5ml oral solution,11662011000001109,AMP,0202030C0AAA6A6
11661611000001108,Amiloride 2mg/5ml oral suspension,11661611000001108,AMP,0202030C0AAA6A6
11706411000001105,Amiloride 1.5mg/5ml oral solution,11706411000001105,VMP,0202030C0AAA8A8
11706511000001109,Amiloride 1.5mg/5ml oral suspension,11706511000001109,VMP,0202030C0AAA8A8
11657411000001109,Amiloride 1.5mg/5ml oral solution,11657411000001109,AMP,0202030C0AAA8A8
11657111000001104,Amiloride 1.5mg/5ml oral suspension,11657111000001104,AMP,0202030C0AAA8A8
42206111000001106,Amiloride 5mg tablets,42206111000001106,VMP,0202030C0AAACAC
382611000001108,Amiloride 5mg tablets,382611000001108,AMP,0202030C0AAACAC
20165011000001109,Amiloride 5mg tablets,20165011000001109,AMP,0202030C0AAACAC
754911000001104,Amiloride 5mg tablets,754911000001104,AMP,0202030C0AAACAC
824411000001106,Amiloride 5mg tablets,824411000001106,AMP,0202030C0AAACAC
9783911000001100,Amiloride 5mg tablets,9783911000001100,AMP,0202030C0AAACAC
10377111000001101,Amiloride 5mg tablets,10377111000001101,AMP,0202030C0AAACAC
22588511000001108,Amiloride 5mg tablets,22588511000001108,AMP,0202030C0AAACAC
45684011000001101,Amiloride 5mg tablets,45684011000001101,AMP,0202030C0AAACAC
590911000001103,Amiloride 5mg tablets,590911000001103,AMP,0202030C0AAACAC
37031611000001109,Amiloride 5mg tablets,37031611000001109,AMP,0202030C0AAACAC
38779011000001108,Amiloride 5mg tablets,38779011000001108,AMP,0202030C0AAACAC
22200911000001108,Amiloride 5mg tablets,22200911000001108,AMP,0202030C0AAACAC
29761811000001107,Amiloride 5mg tablets,29761811000001107,AMP,0202030C0AAACAC
45102411000001103,Amiloride 5mg tablets,45102411000001103,AMP,0202030C0AAACAC
7457211000001106,Amiloride 5mg tablets,7457211000001106,AMP,0202030C0AAACAC
446011000001103,Amiloride 5mg tablets,446011000001103,AMP,0202030C0AAACAC
59111000001100,Amiloride 5mg tablets,59111000001100,AMP,0202030C0AAACAC
505611000001103,Amiloride 5mg tablets,505611000001103,AMP,0202030C0AAACAC
21759411000001109,Amiloride 5mg tablets,21759411000001109,AMP,0202030C0AAACAC
533611000001105,Amiloride 5mg tablets,533611000001105,AMP,0202030C0AAACAC
35900111000001108,Amiloride 5mg/5ml oral solution sugar free,35900111000001108,VMP,0202030C0AAASAS
35031211000001108,Amiloride 5mg/5ml oral solution sugar free,35031211000001108,AMP,0202030C0AAASAS
491011000001102,Amiloride 5mg/5ml oral solution sugar free,491011000001102,AMP,0202030C0AAASAS
22603811000001107,Amiloride 5mg/5ml oral solution sugar free,22603811000001107,AMP,0202030C0AAASAS
24119011000001109,Amiloride 5mg/5ml oral solution sugar free,24119011000001109,AMP,0202030C0AAASAS
25814111000001105,Amiloride 5mg/5ml oral solution sugar free,25814111000001105,AMP,0202030C0AAASAS
34895811000001105,Amiloride 5mg/5ml oral solution sugar free,34895811000001105,AMP,0202030C0AAASAS
27000911000001104,Amiloride 5mg/5ml oral solution sugar free,27000911000001104,AMP,0202030C0AAASAS
24519711000001101,Amiloride 5mg/5ml oral solution sugar free,24519711000001101,AMP,0202030C0AAASAS
38781111000001103,Amiloride 5mg/5ml oral solution sugar free,38781111000001103,AMP,0202030C0AAASAS
28121711000001100,Amiloride 5mg/5ml oral solution sugar free,28121711000001100,AMP,0202030C0AAASAS
29762211000001104,Amiloride 5mg/5ml oral solution sugar free,29762211000001104,AMP,0202030C0AAASAS
21759211000001105,Amiloride 5mg/5ml oral solution sugar free,21759211000001105,AMP,0202030C0AAASAS
8274111000001104,Amiloride 5mg/5ml oral suspension,8274111000001104,VMP,0202030C0AAAXAX
8228511000001100,Amiloride 5mg/5ml oral suspension,8228511000001100,AMP,0202030C0AAAXAX
11708211000001107,Amiloride 400micrograms/5ml oral solution,11708211000001107,VMP,0202030C0AAAYAY
11708311000001104,Amiloride 400micrograms/5ml oral suspension,11708311000001104,VMP,0202030C0AAAYAY
11666011000001108,Amiloride 400micrograms/5ml oral solution,11666011000001108,AMP,0202030C0AAAYAY
11665511000001107,Amiloride 400micrograms/5ml oral suspension,11665511000001107,AMP,0202030C0AAAYAY
8273611000001109,Amiloride 10mg/5ml oral solution,8273611000001109,VMP,0202030C0AAAZAZ
8273811000001108,Amiloride 10mg/5ml oral suspension,8273811000001108,VMP,0202030C0AAAZAZ
8229011000001103,Amiloride 10mg/5ml oral solution,8229011000001103,AMP,0202030C0AAAZAZ
8230711000001106,Amiloride 10mg/5ml oral suspension,8230711000001106,AMP,0202030C0AAAZAZ
11706811000001107,Amiloride 12.5mg/5ml oral solution,11706811000001107,VMP,0202030C0AABABA
11706911000001102,Amiloride 12.5mg/5ml oral suspension,11706911000001102,VMP,0202030C0AABABA
11658611000001106,Amiloride 12.5mg/5ml oral solution,11658611000001106,AMP,0202030C0AABABA
11658311000001101,Amiloride 12.5mg/5ml oral suspension,11658311000001101,AMP,0202030C0AABABA
11706611000001108,Amiloride 1.7mg/5ml oral solution,11706611000001108,VMP,0202030C0AABBBB
11706711000001104,Amiloride 1.7mg/5ml oral suspension,11706711000001104,VMP,0202030C0AABBBB
11658011000001104,Amiloride 1.7mg/5ml oral solution,11658011000001104,AMP,0202030C0AABBBB
11657711000001103,Amiloride 1.7mg/5ml oral suspension,11657711000001103,AMP,0202030C0AABBBB
11708611000001109,Amiloride 800micrograms/5ml oral solution,11708611000001109,VMP,0202030C0AABCBC
11708711000001100,Amiloride 800micrograms/5ml oral suspension,11708711000001100,VMP,0202030C0AABCBC
11668311000001105,Amiloride 800micrograms/5ml oral solution,11668311000001105,AMP,0202030C0AABCBC
11667611000001104,Amiloride 800micrograms/5ml oral suspension,11667611000001104,AMP,0202030C0AABCBC
8273911000001103,Amiloride 500micrograms/5ml oral solution,8273911000001103,VMP,0202030C0AABDBD
8274011000001100,Amiloride 500micrograms/5ml oral suspension,8274011000001100,VMP,0202030C0AABDBD
8225011000001100,Amiloride 500micrograms/5ml oral solution,8225011000001100,AMP,0202030C0AABDBD
8226011000001109,Amiloride 500micrograms/5ml oral suspension,8226011000001109,AMP,0202030C0AABDBD
11707211000001108,Amiloride 2.3mg/5ml oral solution,11707211000001108,VMP,0202030C0AABEBE
11707311000001100,Amiloride 2.3mg/5ml oral suspension,11707311000001100,VMP,0202030C0AABEBE
11660211000001100,Amiloride 2.3mg/5ml oral solution,11660211000001100,AMP,0202030C0AABEBE
11659611000001102,Amiloride 2.3mg/5ml oral suspension,11659611000001102,AMP,0202030C0AABEBE
220711000001102,Amoride 5mg tablets,220711000001102,AMP,0202030C0BEAAAC
799711000001108,Amilamont 5mg/5ml oral solution sugar free,799711000001108,AMP,0202030C0BFAAAS
42216511000001100,Spironolactone 25mg tablets,42216511000001100,VMP,0202030S0AAATAT
63111000001106,Spironolactone 25mg tablets,63111000001106,AMP,0202030S0AAATAT
34937811000001104,Spironolactone 25mg tablets,34937811000001104,AMP,0202030S0AAATAT
672411000001105,Spironolactone 25mg tablets,672411000001105,AMP,0202030S0AAATAT
508011000001102,Spironolactone 25mg tablets,508011000001102,AMP,0202030S0AAATAT
9803611000001107,Spironolactone 25mg tablets,9803611000001107,AMP,0202030S0AAATAT
24390911000001107,Spironolactone 25mg tablets,24390911000001107,AMP,0202030S0AAATAT
13583411000001106,Spironolactone 25mg tablets,13583411000001106,AMP,0202030S0AAATAT
11010911000001104,Spironolactone 25mg tablets,11010911000001104,AMP,0202030S0AAATAT
20326811000001106,Spironolactone 25mg tablets,20326811000001106,AMP,0202030S0AAATAT
474611000001102,Spironolactone 25mg tablets,474611000001102,AMP,0202030S0AAATAT
235211000001102,Spironolactone 25mg tablets,235211000001102,AMP,0202030S0AAATAT
41436611000001105,Spironolactone 25mg tablets,41436611000001105,AMP,0202030S0AAATAT
37141111000001105,Spironolactone 25mg tablets,37141111000001105,AMP,0202030S0AAATAT
39257511000001103,Spironolactone 25mg tablets,39257511000001103,AMP,0202030S0AAATAT
35598911000001102,Spironolactone 25mg tablets,35598911000001102,AMP,0202030S0AAATAT
17801111000001105,Spironolactone 25mg tablets,17801111000001105,AMP,0202030S0AAATAT
43131811000001105,Spironolactone 25mg tablets,43131811000001105,AMP,0202030S0AAATAT
82311000001101,Spironolactone 25mg tablets,82311000001101,AMP,0202030S0AAATAT
21901811000001106,Spironolactone 25mg tablets,21901811000001106,AMP,0202030S0AAATAT
42216611000001101,Spironolactone 50mg tablets,42216611000001101,VMP,0202030S0AAAUAU
481811000001107,Spironolactone 50mg tablets,481811000001107,AMP,0202030S0AAAUAU
34937611000001103,Spironolactone 50mg tablets,34937611000001103,AMP,0202030S0AAAUAU
46011000001105,Spironolactone 50mg tablets,46011000001105,AMP,0202030S0AAAUAU
481711000001104,Spironolactone 50mg tablets,481711000001104,AMP,0202030S0AAAUAU
9803311000001102,Spironolactone 50mg tablets,9803311000001102,AMP,0202030S0AAAUAU
30117211000001107,Spironolactone 50mg tablets,30117211000001107,AMP,0202030S0AAAUAU
121211000001101,Spironolactone 50mg tablets,121211000001101,AMP,0202030S0AAAUAU
606411000001101,Spironolactone 50mg tablets,606411000001101,AMP,0202030S0AAAUAU
42329411000001105,Spironolactone 50mg tablets,42329411000001105,AMP,0202030S0AAAUAU
30917011000001104,Spironolactone 50mg tablets,30917011000001104,AMP,0202030S0AAAUAU
39257811000001100,Spironolactone 50mg tablets,39257811000001100,AMP,0202030S0AAAUAU
35597311000001104,Spironolactone 50mg tablets,35597311000001104,AMP,0202030S0AAAUAU
330511000001102,Spironolactone 50mg tablets,330511000001102,AMP,0202030S0AAAUAU
22453211000001103,Spironolactone 50mg tablets,22453211000001103,AMP,0202030S0AAAUAU
42216411000001104,Spironolactone 100mg tablets,42216411000001104,VMP,0202030S0AAAVAV
670811000001106,Spironolactone 100mg tablets,670811000001106,AMP,0202030S0AAAVAV
34941711000001102,Spironolactone 100mg tablets,34941711000001102,AMP,0202030S0AAAVAV
38611000001103,Spironolactone 100mg tablets,38611000001103,AMP,0202030S0AAAVAV
333811000001106,Spironolactone 100mg tablets,333811000001106,AMP,0202030S0AAAVAV
9802811000001103,Spironolactone 100mg tablets,9802811000001103,AMP,0202030S0AAAVAV
24390711000001105,Spironolactone 100mg tablets,24390711000001105,AMP,0202030S0AAAVAV
30117411000001106,Spironolactone 100mg tablets,30117411000001106,AMP,0202030S0AAAVAV
11010711000001101,Spironolactone 100mg tablets,11010711000001101,AMP,0202030S0AAAVAV
20327011000001102,Spironolactone 100mg tablets,20327011000001102,AMP,0202030S0AAAVAV
874911000001104,Spironolactone 100mg tablets,874911000001104,AMP,0202030S0AAAVAV
840311000001109,Spironolactone 100mg tablets,840311000001109,AMP,0202030S0AAAVAV
42329211000001106,Spironolactone 100mg tablets,42329211000001106,AMP,0202030S0AAAVAV
37141311000001107,Spironolactone 100mg tablets,37141311000001107,AMP,0202030S0AAAVAV
39257111000001107,Spironolactone 100mg tablets,39257111000001107,AMP,0202030S0AAAVAV
35597011000001102,Spironolactone 100mg tablets,35597011000001102,AMP,0202030S0AAAVAV
43132011000001107,Spironolactone 100mg tablets,43132011000001107,AMP,0202030S0AAAVAV
610611000001103,Spironolactone 100mg tablets,610611000001103,AMP,0202030S0AAAVAV
21902011000001108,Spironolactone 100mg tablets,21902011000001108,AMP,0202030S0AAAVAV
13895011000001103,Spironolactone 5mg/5ml oral solution,13895011000001103,VMP,0202030S0AACMCM
13887511000001101,Spironolactone 5mg/5ml oral solution,13887511000001101,AMP,0202030S0AACMCM
13894911000001103,Spironolactone 50mg/5ml oral solution,13894911000001103,VMP,0202030S0AACPCP
13889011000001100,Spironolactone 50mg/5ml oral solution,13889011000001100,AMP,0202030S0AACPCP
13894711000001100,Spironolactone 10mg/5ml oral solution,13894711000001100,VMP,0202030S0AACQCQ
13888011000001105,Spironolactone 10mg/5ml oral solution,13888011000001105,AMP,0202030S0AACQCQ
13894611000001109,Spironolactone 100mg/5ml oral solution,13894611000001109,VMP,0202030S0AACRCR
13889311000001102,Spironolactone 100mg/5ml oral solution,13889311000001102,AMP,0202030S0AACRCR
13374311000001107,Spironolactone 6.25mg/5ml oral solution,13374311000001107,VMP,0202030S0AACTCT
13374411000001100,Spironolactone 6.25mg/5ml oral suspension,13374411000001100,VMP,0202030S0AACTCT
13362811000001101,Spironolactone 6.25mg/5ml oral solution,13362811000001101,AMP,0202030S0AACTCT
13362011000001107,Spironolactone 6.25mg/5ml oral suspension,13362011000001107,AMP,0202030S0AACTCT
13354311000001109,Spironolactone 30mg/5ml oral solution,13354311000001109,VMP,0202030S0AACUCU
13354411000001102,Spironolactone 30mg/5ml oral suspension,13354411000001102,VMP,0202030S0AACUCU
13350411000001108,Spironolactone 30mg/5ml oral solution,13350411000001108,AMP,0202030S0AACUCU
13349911000001108,Spironolactone 30mg/5ml oral suspension,13349911000001108,AMP,0202030S0AACUCU
13384911000001104,Spironolactone 7.5mg/5ml oral solution,13384911000001104,VMP,0202030S0AACVCV
13385011000001104,Spironolactone 7.5mg/5ml oral suspension,13385011000001104,VMP,0202030S0AACVCV
13380711000001107,Spironolactone 7.5mg/5ml oral solution,13380711000001107,AMP,0202030S0AACVCV
13380411000001101,Spironolactone 7.5mg/5ml oral suspension,13380411000001101,AMP,0202030S0AACVCV
13374111000001105,Spironolactone 4mg/5ml oral solution,13374111000001105,VMP,0202030S0AACWCW
13374211000001104,Spironolactone 4mg/5ml oral suspension,13374211000001104,VMP,0202030S0AACWCW
13361211000001109,Spironolactone 4mg/5ml oral solution,13361211000001109,AMP,0202030S0AACWCW
13360811000001102,Spironolactone 4mg/5ml oral suspension,13360811000001102,AMP,0202030S0AACWCW
13325411000001100,Spironolactone 125mg/5ml oral solution,13325411000001100,VMP,0202030S0AACXCX
13325511000001101,Spironolactone 125mg/5ml oral suspension,13325511000001101,VMP,0202030S0AACXCX
13320111000001102,Spironolactone 125mg/5ml oral solution,13320111000001102,AMP,0202030S0AACXCX
13319511000001107,Spironolactone 125mg/5ml oral suspension,13319511000001107,AMP,0202030S0AACXCX
13385311000001101,Spironolactone 7mg/5ml oral solution,13385311000001101,VMP,0202030S0AACYCY
13385411000001108,Spironolactone 7mg/5ml oral suspension,13385411000001108,VMP,0202030S0AACYCY
13382411000001100,Spironolactone 7mg/5ml oral solution,13382411000001100,AMP,0202030S0AACYCY
13382011000001109,Spironolactone 7mg/5ml oral suspension,13382011000001109,AMP,0202030S0AACYCY
13353511000001101,Spironolactone 250mg/5ml oral solution,13353511000001101,VMP,0202030S0AACZCZ
13353611000001102,Spironolactone 250mg/5ml oral suspension,13353611000001102,VMP,0202030S0AACZCZ
13336611000001109,Spironolactone 250mg/5ml oral solution,13336611000001109,AMP,0202030S0AACZCZ
13336011000001102,Spironolactone 250mg/5ml oral suspension,13336011000001102,AMP,0202030S0AACZCZ
13326011000001100,Spironolactone 2.5mg/5ml oral solution,13326011000001100,VMP,0202030S0AADADA
13326111000001104,Spironolactone 2.5mg/5ml oral suspension,13326111000001104,VMP,0202030S0AADADA
13322011000001104,Spironolactone 2.5mg/5ml oral solution,13322011000001104,AMP,0202030S0AADADA
13321711000001109,Spironolactone 2.5mg/5ml oral suspension,13321711000001109,AMP,0202030S0AADADA
13385711000001102,Spironolactone 8mg/5ml oral solution,13385711000001102,VMP,0202030S0AADBDB
13385811000001105,Spironolactone 8mg/5ml oral suspension,13385811000001105,VMP,0202030S0AADBDB
13383611000001107,Spironolactone 8mg/5ml oral solution,13383611000001107,AMP,0202030S0AADBDB
13383311000001102,Spironolactone 8mg/5ml oral suspension,13383311000001102,AMP,0202030S0AADBDB
8727011000001103,Spironolactone 15mg/5ml oral suspension,8727011000001103,VMP,0202030S0AADCDC
8706111000001109,Spironolactone 15mg/5ml oral suspension,8706111000001109,AMP,0202030S0AADCDC
13326411000001109,Spironolactone 20mg/5ml oral solution,13326411000001109,VMP,0202030S0AADDDD
13326511000001108,Spironolactone 20mg/5ml oral suspension,13326511000001108,VMP,0202030S0AADDDD
13323511000001100,Spironolactone 20mg/5ml oral solution,13323511000001100,AMP,0202030S0AADDDD
13323211000001103,Spironolactone 20mg/5ml oral suspension,13323211000001103,AMP,0202030S0AADDDD
13385111000001103,Spironolactone 75mg/5ml oral solution,13385111000001103,VMP,0202030S0AADEDE
13385211000001109,Spironolactone 75mg/5ml oral suspension,13385211000001109,VMP,0202030S0AADEDE
13381711000001104,Spironolactone 75mg/5ml oral solution,13381711000001104,AMP,0202030S0AADEDE
13381211000001106,Spironolactone 75mg/5ml oral suspension,13381211000001106,AMP,0202030S0AADEDE
13354511000001103,Spironolactone 35mg/5ml oral solution,13354511000001103,VMP,0202030S0AADGDG
13354611000001104,Spironolactone 35mg/5ml oral suspension,13354611000001104,VMP,0202030S0AADGDG
13351011000001108,Spironolactone 35mg/5ml oral solution,13351011000001108,AMP,0202030S0AADGDG
13350711000001102,Spironolactone 35mg/5ml oral suspension,13350711000001102,AMP,0202030S0AADGDG
13326211000001105,Spironolactone 200mg/5ml oral solution,13326211000001105,VMP,0202030S0AADHDH
13326311000001102,Spironolactone 200mg/5ml oral suspension,13326311000001102,VMP,0202030S0AADHDH
13322911000001100,Spironolactone 200mg/5ml oral solution,13322911000001100,AMP,0202030S0AADHDH
13322411000001108,Spironolactone 200mg/5ml oral suspension,13322411000001108,AMP,0202030S0AADHDH
13373911000001106,Spironolactone 40mg/5ml oral solution,13373911000001106,VMP,0202030S0AADIDI
13374011000001109,Spironolactone 40mg/5ml oral suspension,13374011000001109,VMP,0202030S0AADIDI
13358411000001106,Spironolactone 40mg/5ml oral solution,13358411000001106,AMP,0202030S0AADIDI
13356311000001103,Spironolactone 40mg/5ml oral suspension,13356311000001103,AMP,0202030S0AADIDI
13325811000001103,Spironolactone 13.5mg/5ml oral solution,13325811000001103,VMP,0202030S0AADJDJ
13325911000001108,Spironolactone 13.5mg/5ml oral suspension,13325911000001108,VMP,0202030S0AADJDJ
13321411000001103,Spironolactone 13.5mg/5ml oral solution,13321411000001103,AMP,0202030S0AADJDJ
13321111000001108,Spironolactone 13.5mg/5ml oral suspension,13321111000001108,AMP,0202030S0AADJDJ
13325211000001104,Spironolactone 12.5mg/5ml oral solution,13325211000001104,VMP,0202030S0AADKDK
13325311000001107,Spironolactone 12.5mg/5ml oral suspension,13325311000001107,VMP,0202030S0AADKDK
13318411000001100,Spironolactone 12.5mg/5ml oral solution,13318411000001100,AMP,0202030S0AADKDK
13317711000001105,Spironolactone 12.5mg/5ml oral suspension,13317711000001105,AMP,0202030S0AADKDK
13354911000001105,Spironolactone 4.5mg/5ml oral solution,13354911000001105,VMP,0202030S0AADLDL
13355011000001105,Spironolactone 4.5mg/5ml oral suspension,13355011000001105,VMP,0202030S0AADLDL
13355311000001108,Spironolactone 4.5mg/5ml oral solution,13355311000001108,AMP,0202030S0AADLDL
13352611000001107,Spironolactone 4.5mg/5ml oral suspension,13352611000001107,AMP,0202030S0AADLDL
13354711000001108,Spironolactone 3mg/5ml oral solution,13354711000001108,VMP,0202030S0AADMDM
13354811000001100,Spironolactone 3mg/5ml oral suspension,13354811000001100,VMP,0202030S0AADMDM
13351611000001101,Spironolactone 3mg/5ml oral solution,13351611000001101,AMP,0202030S0AADMDM
13351311000001106,Spironolactone 3mg/5ml oral suspension,13351311000001106,AMP,0202030S0AADMDM
13325011000001109,Spironolactone 1.25mg/5ml oral solution,13325011000001109,VMP,0202030S0AADPDP
13325111000001105,Spironolactone 1.25mg/5ml oral suspension,13325111000001105,VMP,0202030S0AADPDP
13317111000001109,Spironolactone 1.25mg/5ml oral solution,13317111000001109,AMP,0202030S0AADPDP
13316811000001104,Spironolactone 1.25mg/5ml oral suspension,13316811000001104,AMP,0202030S0AADPDP
13384711000001101,Spironolactone 6mg/5ml oral solution,13384711000001101,VMP,0202030S0AADQDQ
13384811000001109,Spironolactone 6mg/5ml oral suspension,13384811000001109,VMP,0202030S0AADQDQ
13380111000001106,Spironolactone 6mg/5ml oral solution,13380111000001106,AMP,0202030S0AADQDQ
13379811000001104,Spironolactone 6mg/5ml oral suspension,13379811000001104,AMP,0202030S0AADQDQ
13325611000001102,Spironolactone 12mg/5ml oral solution,13325611000001102,VMP,0202030S0AADSDS
13325711000001106,Spironolactone 12mg/5ml oral suspension,13325711000001106,VMP,0202030S0AADSDS
13320711000001101,Spironolactone 12mg/5ml oral solution,13320711000001101,AMP,0202030S0AADSDS
13320411000001107,Spironolactone 12mg/5ml oral suspension,13320411000001107,AMP,0202030S0AADSDS
13354111000001107,Spironolactone 3.5mg/5ml oral solution,13354111000001107,VMP,0202030S0AADTDT
13354211000001101,Spironolactone 3.5mg/5ml oral suspension,13354211000001101,VMP,0202030S0AADTDT
13349211000001104,Spironolactone 3.5mg/5ml oral solution,13349211000001104,AMP,0202030S0AADTDT
13348711000001102,Spironolactone 3.5mg/5ml oral suspension,13348711000001102,AMP,0202030S0AADTDT
13353711000001106,Spironolactone 2mg/5ml oral solution,13353711000001106,VMP,0202030S0AADUDU
13353811000001103,Spironolactone 2mg/5ml oral suspension,13353811000001103,VMP,0202030S0AADUDU
13340511000001109,Spironolactone 2mg/5ml oral solution,13340511000001109,AMP,0202030S0AADUDU
13339211000001103,Spironolactone 2mg/5ml oral suspension,13339211000001103,AMP,0202030S0AADUDU
13385511000001107,Spironolactone 8.3mg/5ml oral solution,13385511000001107,VMP,0202030S0AADVDV
13385611000001106,Spironolactone 8.3mg/5ml oral suspension,13385611000001106,VMP,0202030S0AADVDV
13383011000001100,Spironolactone 8.3mg/5ml oral solution,13383011000001100,AMP,0202030S0AADVDV
13382711000001106,Spironolactone 8.3mg/5ml oral suspension,13382711000001106,AMP,0202030S0AADVDV
13353911000001108,Spironolactone 3.3mg/5ml oral solution,13353911000001108,VMP,0202030S0AADXDX
13354011000001106,Spironolactone 3.3mg/5ml oral suspension,13354011000001106,VMP,0202030S0AADXDX
13348011000001104,Spironolactone 3.3mg/5ml oral solution,13348011000001104,AMP,0202030S0AADXDX
13347411000001109,Spironolactone 3.3mg/5ml oral suspension,13347411000001109,AMP,0202030S0AADXDX
8726511000001109,Spironolactone 25mg/5ml oral suspension,8726511000001109,VMP,0202030S0AAEAEA
8707011000001106,Spironolactone 25mg/5ml oral suspension,8707011000001106,AMP,0202030S0AAEAEA
8726411000001105,Spironolactone 50mg/5ml oral suspension,8726411000001105,VMP,0202030S0AAEBEB
8705811000001105,Spironolactone 50mg/5ml oral suspension,8705811000001105,AMP,0202030S0AAEBEB
8726311000001103,Spironolactone 5mg/5ml oral suspension,8726311000001103,VMP,0202030S0AAECEC
8707311000001109,Spironolactone 5mg/5ml oral suspension,8707311000001109,AMP,0202030S0AAECEC
8727311000001100,Spironolactone 10mg/5ml oral suspension,8727311000001100,VMP,0202030S0AAEDED
8706711000001105,Spironolactone 10mg/5ml oral suspension,8706711000001105,AMP,0202030S0AAEDED
8727611000001105,Spironolactone 100mg/5ml oral suspension,8727611000001105,VMP,0202030S0AAEEEE
8706411000001104,Spironolactone 100mg/5ml oral suspension,8706411000001104,AMP,0202030S0AAEEEE
13894811000001108,Spironolactone 25mg/5ml oral solution,13894811000001108,VMP,0202030S0AAEFEF
13888711000001107,Spironolactone 25mg/5ml oral solution,13888711000001107,AMP,0202030S0AAEFEF
39356011000001101,Spironolactone 12.5mg tablets,39356011000001101,VMP,0202030S0AAEGEG
39322711000001102,Spironolactone 12.5mg tablets,39322711000001102,AMP,0202030S0AAEGEG
39297811000001108,Spironolactone 12.5mg tablets,39297811000001108,AMP,0202030S0AAEGEG
39366211000001101,Spironolactone 12.5mg tablets,39366211000001101,AMP,0202030S0AAEGEG
40369011000001103,Spironolactone 12.5mg tablets,40369011000001103,AMP,0202030S0AAEGEG
40329011000001109,Spironolactone 12.5mg tablets,40329011000001109,AMP,0202030S0AAEGEG
45742511000001104,Spironolactone 12.5mg tablets,45742511000001104,AMP,0202030S0AAEGEG
43208211000001105,Spironolactone 50mg/5ml oral solution sugar free,43208211000001105,VMP,0202030S0AAEHEH
43208111000001104,Spironolactone 25mg/5ml oral solution sugar free,43208111000001104,VMP,0202030S0AAEIEI
45306711000001101,Spironolactone 25mg/5ml oral solution sugar free,45306711000001101,AMP,0202030S0AAEIEI
44230411000001100,Spironolactone 25mg/5ml oral solution sugar free,44230411000001100,AMP,0202030S0AAEIEI
930511000001105,Aldactone 25mg tablets,930511000001105,AMP,0202030S0BBAAAT
921811000001103,Aldactone 50mg tablets,921811000001103,AMP,0202030S0BBABAU
421611000001100,Aldactone 100mg tablets,421611000001100,AMP,0202030S0BBACAV
3411000001104,Spirospare 100 tablets,3411000001104,AMP,0202030S0BJACAV
43189611000001104,Urospir 50mg/5ml oral solution,43189611000001104,AMP,0202030S0BKAAEH
43189911000001105,Urospir 25mg/5ml oral solution,43189911000001105,AMP,0202030S0BKABEI
44441011000001100,Qaialdo 10mg/ml oral suspension,44441011000001100,AMP,0202030S0BLAAEB
42217011000001106,Triamterene 50mg capsules,42217011000001106,VMP,0202030W0AAAAAA
22682211000001101,Triamterene 50mg capsules,22682211000001101,AMP,0202030W0AAAAAA
22105811000001107,Triamterene 50mg capsules,22105811000001107,AMP,0202030W0AAAAAA
22450311000001100,Triamterene 50mg capsules,22450311000001100,AMP,0202030W0AAAAAA
3907911000001100,Dytac 50mg capsules,3907911000001100,AMP,0202030W0BBAAAA
42209511000001107,Eplerenone 25mg tablets,42209511000001107,VMP,0202030X0AAAAAA
27871911000001103,Eplerenone 25mg tablets,27871911000001103,AMP,0202030X0AAAAAA
34934811000001108,Eplerenone 25mg tablets,34934811000001108,AMP,0202030X0AAAAAA
29288711000001101,Eplerenone 25mg tablets,29288711000001101,AMP,0202030X0AAAAAA
27125211000001104,Eplerenone 25mg tablets,27125211000001104,AMP,0202030X0AAAAAA
42346611000001102,Eplerenone 25mg tablets,42346611000001102,AMP,0202030X0AAAAAA
29951511000001109,Eplerenone 25mg tablets,29951511000001109,AMP,0202030X0AAAAAA
35649111000001109,Eplerenone 25mg tablets,35649111000001109,AMP,0202030X0AAAAAA
30276911000001108,Eplerenone 25mg tablets,30276911000001108,AMP,0202030X0AAAAAA
35651011000001107,Eplerenone 25mg tablets,35651011000001107,AMP,0202030X0AAAAAA
30053011000001107,Eplerenone 25mg tablets,30053011000001107,AMP,0202030X0AAAAAA
36911511000001107,Eplerenone 25mg tablets,36911511000001107,AMP,0202030X0AAAAAA
32406011000001105,Eplerenone 25mg tablets,32406011000001105,AMP,0202030X0AAAAAA
42410711000001106,Eplerenone 25mg tablets,42410711000001106,AMP,0202030X0AAAAAA
41853711000001102,Eplerenone 25mg tablets,41853711000001102,AMP,0202030X0AAAAAA
42404911000001100,Eplerenone 25mg tablets,42404911000001100,AMP,0202030X0AAAAAA
37064011000001105,Eplerenone 25mg tablets,37064011000001105,AMP,0202030X0AAAAAA
36501611000001100,Eplerenone 25mg tablets,36501611000001100,AMP,0202030X0AAAAAA
38883911000001101,Eplerenone 25mg tablets,38883911000001101,AMP,0202030X0AAAAAA
25559911000001104,Eplerenone 25mg tablets,25559911000001104,AMP,0202030X0AAAAAA
36535611000001108,Eplerenone 25mg tablets,36535611000001108,AMP,0202030X0AAAAAA
29742211000001109,Eplerenone 25mg tablets,29742211000001109,AMP,0202030X0AAAAAA
33597311000001105,Eplerenone 25mg tablets,33597311000001105,AMP,0202030X0AAAAAA
28883711000001104,Eplerenone 25mg tablets,28883711000001104,AMP,0202030X0AAAAAA
45637411000001106,Eplerenone 25mg tablets,45637411000001106,AMP,0202030X0AAAAAA
42209611000001106,Eplerenone 50mg tablets,42209611000001106,VMP,0202030X0AAABAB
27872111000001106,Eplerenone 50mg tablets,27872111000001106,AMP,0202030X0AAABAB
34935211000001108,Eplerenone 50mg tablets,34935211000001108,AMP,0202030X0AAABAB
29289011000001108,Eplerenone 50mg tablets,29289011000001108,AMP,0202030X0AAABAB
27125911000001108,Eplerenone 50mg tablets,27125911000001108,AMP,0202030X0AAABAB
42346811000001103,Eplerenone 50mg tablets,42346811000001103,AMP,0202030X0AAABAB
29951711000001104,Eplerenone 50mg tablets,29951711000001104,AMP,0202030X0AAABAB
35649411000001104,Eplerenone 50mg tablets,35649411000001104,AMP,0202030X0AAABAB
30277311000001105,Eplerenone 50mg tablets,30277311000001105,AMP,0202030X0AAABAB
35651211000001102,Eplerenone 50mg tablets,35651211000001102,AMP,0202030X0AAABAB
30053211000001102,Eplerenone 50mg tablets,30053211000001102,AMP,0202030X0AAABAB
36911911000001100,Eplerenone 50mg tablets,36911911000001100,AMP,0202030X0AAABAB
42054611000001109,Eplerenone 50mg tablets,42054611000001109,AMP,0202030X0AAABAB
42410911000001108,Eplerenone 50mg tablets,42410911000001108,AMP,0202030X0AAABAB
41854311000001104,Eplerenone 50mg tablets,41854311000001104,AMP,0202030X0AAABAB
42405111000001104,Eplerenone 50mg tablets,42405111000001104,AMP,0202030X0AAABAB
36501811000001101,Eplerenone 50mg tablets,36501811000001101,AMP,0202030X0AAABAB
38884211000001108,Eplerenone 50mg tablets,38884211000001108,AMP,0202030X0AAABAB
25560211000001107,Eplerenone 50mg tablets,25560211000001107,AMP,0202030X0AAABAB
36535811000001107,Eplerenone 50mg tablets,36535811000001107,AMP,0202030X0AAABAB
29742411000001108,Eplerenone 50mg tablets,29742411000001108,AMP,0202030X0AAABAB
33596811000001103,Eplerenone 50mg tablets,33596811000001103,AMP,0202030X0AAABAB
28883911000001102,Eplerenone 50mg tablets,28883911000001102,AMP,0202030X0AAABAB
8477211000001104,Inspra 25mg tablets,8477211000001104,AMP,0202030X0BBAAAA
8479811000001106,Inspra 50mg tablets,8479811000001106,AMP,0202030X0BBABAB
42206011000001105,Amiloride 2.5mg / Cyclopenthiazide 250microgram tablets,42206011000001105,VMP,0202040A0AAAAAA
535711000001100,Navispare 2.5mg/250microgram tablets,535711000001100,AMP,0202040A0BBAAAA
42293411000001108,Co-amilofruse 5mg/40mg tablets,42293411000001108,VMP,0202040B0AAAAAA
11311000001108,Co-amilofruse 5mg/40mg tablets,11311000001108,AMP,0202040B0AAAAAA
667111000001108,Co-amilofruse 5mg/40mg tablets,667111000001108,AMP,0202040B0AAAAAA
362011000001103,Co-amilofruse 5mg/40mg tablets,362011000001103,AMP,0202040B0AAAAAA
10396111000001106,Co-amilofruse 5mg/40mg tablets,10396111000001106,AMP,0202040B0AAAAAA
30043111000001105,Co-amilofruse 5mg/40mg tablets,30043111000001105,AMP,0202040B0AAAAAA
44948911000001108,Co-amilofruse 5mg/40mg tablets,44948911000001108,AMP,0202040B0AAAAAA
14161111000001106,Co-amilofruse 5mg/40mg tablets,14161111000001106,AMP,0202040B0AAAAAA
571911000001103,Co-amilofruse 5mg/40mg tablets,571911000001103,AMP,0202040B0AAAAAA
38847311000001102,Co-amilofruse 5mg/40mg tablets,38847311000001102,AMP,0202040B0AAAAAA
19189711000001108,Co-amilofruse 5mg/40mg tablets,19189711000001108,AMP,0202040B0AAAAAA
17864011000001108,Co-amilofruse 5mg/40mg tablets,17864011000001108,AMP,0202040B0AAAAAA
295411000001105,Co-amilofruse 5mg/40mg tablets,295411000001105,AMP,0202040B0AAAAAA
29793111000001102,Co-amilofruse 5mg/40mg tablets,29793111000001102,AMP,0202040B0AAAAAA
557611000001103,Co-amilofruse 5mg/40mg tablets,557611000001103,AMP,0202040B0AAAAAA
891211000001100,Co-amilofruse 5mg/40mg tablets,891211000001100,AMP,0202040B0AAAAAA
428711000001104,Co-amilofruse 5mg/40mg tablets,428711000001104,AMP,0202040B0AAAAAA
21939011000001108,Co-amilofruse 5mg/40mg tablets,21939011000001108,AMP,0202040B0AAAAAA
380811000001106,Co-amilofruse 5mg/40mg tablets,380811000001106,AMP,0202040B0AAAAAA
42293311000001101,Co-amilofruse 2.5mg/20mg tablets,42293311000001101,VMP,0202040B0AAABAB
841211000001107,Co-amilofruse 2.5mg/20mg tablets,841211000001107,AMP,0202040B0AAABAB
773211000001107,Co-amilofruse 2.5mg/20mg tablets,773211000001107,AMP,0202040B0AAABAB
387111000001103,Co-amilofruse 2.5mg/20mg tablets,387111000001103,AMP,0202040B0AAABAB
10395811000001107,Co-amilofruse 2.5mg/20mg tablets,10395811000001107,AMP,0202040B0AAABAB
23825911000001105,Co-amilofruse 2.5mg/20mg tablets,23825911000001105,AMP,0202040B0AAABAB
44948711000001106,Co-amilofruse 2.5mg/20mg tablets,44948711000001106,AMP,0202040B0AAABAB
292311000001109,Co-amilofruse 2.5mg/20mg tablets,292311000001109,AMP,0202040B0AAABAB
38847111000001104,Co-amilofruse 2.5mg/20mg tablets,38847111000001104,AMP,0202040B0AAABAB
19189511000001103,Co-amilofruse 2.5mg/20mg tablets,19189511000001103,AMP,0202040B0AAABAB
17863811000001100,Co-amilofruse 2.5mg/20mg tablets,17863811000001100,AMP,0202040B0AAABAB
901811000001108,Co-amilofruse 2.5mg/20mg tablets,901811000001108,AMP,0202040B0AAABAB
29792211000001102,Co-amilofruse 2.5mg/20mg tablets,29792211000001102,AMP,0202040B0AAABAB
242811000001109,Co-amilofruse 2.5mg/20mg tablets,242811000001109,AMP,0202040B0AAABAB
21937611000001106,Co-amilofruse 2.5mg/20mg tablets,21937611000001106,AMP,0202040B0AAABAB
213911000001104,Co-amilofruse 2.5mg/20mg tablets,213911000001104,AMP,0202040B0AAABAB
42293211000001109,Co-amilofruse 10mg/80mg tablets,42293211000001109,VMP,0202040B0AAACAC
173711000001108,Co-amilofruse 10mg/80mg tablets,173711000001108,AMP,0202040B0AAACAC
26411000001104,Co-amilofruse 10mg/80mg tablets,26411000001104,AMP,0202040B0AAACAC
10396411000001101,Co-amilofruse 10mg/80mg tablets,10396411000001101,AMP,0202040B0AAACAC
19190011000001102,Co-amilofruse 10mg/80mg tablets,19190011000001102,AMP,0202040B0AAACAC
30043611000001102,Co-amilofruse 10mg/80mg tablets,30043611000001102,AMP,0202040B0AAACAC
583811000001102,Co-amilofruse 10mg/80mg tablets,583811000001102,AMP,0202040B0AAACAC
30015711000001102,Co-amilofruse 10mg/80mg tablets,30015711000001102,AMP,0202040B0AAACAC
38847511000001108,Co-amilofruse 10mg/80mg tablets,38847511000001108,AMP,0202040B0AAACAC
17885011000001105,Co-amilofruse 10mg/80mg tablets,17885011000001105,AMP,0202040B0AAACAC
29791811000001105,Co-amilofruse 10mg/80mg tablets,29791811000001105,AMP,0202040B0AAACAC
22006511000001106,Co-amilofruse 10mg/80mg tablets,22006511000001106,AMP,0202040B0AAACAC
457611000001105,Co-amilofruse 10mg/80mg tablets,457611000001105,AMP,0202040B0AAACAC
8426911000001109,Co-amilofruse 5mg/40mg/5ml oral solution,8426911000001109,VMP,0202040B0AAAHAH
8427011000001108,Co-amilofruse 5mg/40mg/5ml oral suspension,8427011000001108,VMP,0202040B0AAAHAH
8401411000001101,Co-amilofruse 5mg/40mg/5ml oral solution,8401411000001101,AMP,0202040B0AAAHAH
8402211000001107,Co-amilofruse 5mg/40mg/5ml oral suspension,8402211000001107,AMP,0202040B0AAAHAH
11814711000001108,Co-amilofruse 10mg/80mg/5ml oral solution,11814711000001108,VMP,0202040B0AAAIAI
11814811000001100,Co-amilofruse 10mg/80mg/5ml oral suspension,11814811000001100,VMP,0202040B0AAAIAI
11806611000001106,Co-amilofruse 10mg/80mg/5ml oral solution,11806611000001106,AMP,0202040B0AAAIAI
11806311000001101,Co-amilofruse 10mg/80mg/5ml oral suspension,11806311000001101,AMP,0202040B0AAAIAI
8426711000001107,Co-amilofruse 2.5mg/20mg/5ml oral solution,8426711000001107,VMP,0202040B0AAAJAJ
8426811000001104,Co-amilofruse 2.5mg/20mg/5ml oral suspension,8426811000001104,VMP,0202040B0AAAJAJ
8400811000001107,Co-amilofruse 2.5mg/20mg/5ml oral solution,8400811000001107,AMP,0202040B0AAAJAJ
8401111000001106,Co-amilofruse 2.5mg/20mg/5ml oral suspension,8401111000001106,AMP,0202040B0AAAJAJ
11814511000001103,Amiloride 10mg/5ml / Furosemide 125mg/5ml oral solution,11814511000001103,VMP,0202040B0AAALAL
11814611000001104,Amiloride 10mg/5ml / Furosemide 125mg/5ml oral suspension,11814611000001104,VMP,0202040B0AAALAL
11806011000001104,Amiloride 10mg/5ml / Furosemide 125mg/5ml oral solution,11806011000001104,AMP,0202040B0AAALAL
11805711000001105,Amiloride 10mg/5ml / Furosemide 125mg/5ml oral suspension,11805711000001105,AMP,0202040B0AAALAL
11814311000001109,Co-amilofruse 1.25mg/10mg/5ml oral solution,11814311000001109,VMP,0202040B0AAAMAM
11814411000001102,Co-amilofruse 1.25mg/10mg/5ml oral suspension,11814411000001102,VMP,0202040B0AAAMAM
11805411000001104,Co-amilofruse 1.25mg/10mg/5ml oral solution,11805411000001104,AMP,0202040B0AAAMAM
11805111000001109,Co-amilofruse 1.25mg/10mg/5ml oral suspension,11805111000001109,AMP,0202040B0AAAMAM
427411000001106,Frumil 40mg/5mg tablets,427411000001106,AMP,0202040B0BBAAAA
550711000001106,Frumil LS 20mg/2.5mg tablets,550711000001106,AMP,0202040B0BBABAB
82611000001106,Frumil Forte 10mg/80mg tablets,82611000001106,AMP,0202040B0BBACAC
678511000001106,Lasoride 5mg/40mg tablets,678511000001106,AMP,0202040B0BCAAAA
818511000001106,Fru-Co 5mg/40mg tablets,818511000001106,AMP,0202040B0BDAAAA
331311000001103,Froop Co 5mg/40mg tablets,331311000001103,AMP,0202040B0BGAAAA
304011000001108,Komil 5mg/40mg tablets,304011000001108,AMP,0202040B0BHAAAA
42207611000001101,Co-amilozide 5mg/50mg tablets,42207611000001101,VMP,0202040C0AAAAAA
17611000001107,Co-amilozide 5mg/50mg tablets,17611000001107,AMP,0202040C0AAAAAA
484511000001106,Co-amilozide 5mg/50mg tablets,484511000001106,AMP,0202040C0AAAAAA
552711000001105,Co-amilozide 5mg/50mg tablets,552711000001105,AMP,0202040C0AAAAAA
11425811000001102,Co-amilozide 5mg/50mg tablets,11425811000001102,AMP,0202040C0AAAAAA
10397111000001109,Co-amilozide 5mg/50mg tablets,10397111000001109,AMP,0202040C0AAAAAA
41160211000001103,Co-amilozide 5mg/50mg tablets,41160211000001103,AMP,0202040C0AAAAAA
23826611000001109,Co-amilozide 5mg/50mg tablets,23826611000001109,AMP,0202040C0AAAAAA
11019711000001108,Co-amilozide 5mg/50mg tablets,11019711000001108,AMP,0202040C0AAAAAA
41957211000001106,Co-amilozide 5mg/50mg tablets,41957211000001106,AMP,0202040C0AAAAAA
831011000001103,Co-amilozide 5mg/50mg tablets,831011000001103,AMP,0202040C0AAAAAA
23111000001104,Co-amilozide 5mg/50mg tablets,23111000001104,AMP,0202040C0AAAAAA
38846211000001108,Co-amilozide 5mg/50mg tablets,38846211000001108,AMP,0202040C0AAAAAA
17885211000001100,Co-amilozide 5mg/50mg tablets,17885211000001100,AMP,0202040C0AAAAAA
35592911000001100,Co-amilozide 5mg/50mg tablets,35592911000001100,AMP,0202040C0AAAAAA
29793811000001109,Co-amilozide 5mg/50mg tablets,29793811000001109,AMP,0202040C0AAAAAA
26611000001101,Co-amilozide 5mg/50mg tablets,26611000001101,AMP,0202040C0AAAAAA
39485011000001106,Co-amilozide 5mg/50mg tablets,39485011000001106,AMP,0202040C0AAAAAA
22007011000001100,Co-amilozide 5mg/50mg tablets,22007011000001100,AMP,0202040C0AAAAAA
366811000001105,Co-amilozide 5mg/50mg tablets,366811000001105,AMP,0202040C0AAAAAA
42207511000001100,Co-amilozide 2.5mg/25mg tablets,42207511000001100,VMP,0202040C0AAABAB
524011000001103,Co-amilozide 2.5mg/25mg tablets,524011000001103,AMP,0202040C0AAABAB
693111000001103,Co-amilozide 2.5mg/25mg tablets,693111000001103,AMP,0202040C0AAABAB
10396911000001109,Co-amilozide 2.5mg/25mg tablets,10396911000001109,AMP,0202040C0AAABAB
23826111000001101,Co-amilozide 2.5mg/25mg tablets,23826111000001101,AMP,0202040C0AAABAB
495611000001107,Co-amilozide 2.5mg/25mg tablets,495611000001107,AMP,0202040C0AAABAB
30015911000001100,Co-amilozide 2.5mg/25mg tablets,30015911000001100,AMP,0202040C0AAABAB
38847711000001103,Co-amilozide 2.5mg/25mg tablets,38847711000001103,AMP,0202040C0AAABAB
23651211000001108,Co-amilozide 2.5mg/25mg tablets,23651211000001108,AMP,0202040C0AAABAB
29793611000001105,Co-amilozide 2.5mg/25mg tablets,29793611000001105,AMP,0202040C0AAABAB
39484811000001101,Co-amilozide 2.5mg/25mg tablets,39484811000001101,AMP,0202040C0AAABAB
22006811000001109,Co-amilozide 2.5mg/25mg tablets,22006811000001109,AMP,0202040C0AAABAB
925611000001104,Co-amilozide 2.5mg/25mg tablets,925611000001104,AMP,0202040C0AAABAB
8792311000001109,Co-amilozide 5mg/50mg/5ml oral solution,8792311000001109,VMP,0202040C0AAACAC
8782711000001107,Co-amilozide 5mg/50mg/5ml oral solution,8782711000001107,AMP,0202040C0AAACAC
636611000001107,Amil-Co 5mg/50mg tablets,636611000001107,AMP,0202040C0BBAAAA
453811000001103,Moduretic 5mg/50mg tablets,453811000001103,AMP,0202040C0BDAAAA
601011000001103,Synuretic 50 tablets,601011000001103,AMP,0202040C0BFAAAA
465111000001101,Synuretic 25 tablets,465111000001101,AMP,0202040C0BFABAB
712211000001108,Amilmaxco 5mg/50mg tablets,712211000001108,AMP,0202040C0BGAAAA
314211000001100,Moduret 25 tablets,314211000001100,AMP,0202040C0BIAAAB
42290711000001106,Amiloride 5mg / Bumetanide 1mg tablets,42290711000001106,VMP,0202040D0AAAAAA
15507811000001107,Amiloride 5mg / Bumetanide 1mg tablets,15507811000001107,AMP,0202040D0AAAAAA
15247111000001103,Amiloride 5mg / Bumetanide 1mg tablets,15247111000001103,AMP,0202040D0AAAAAA
16664411000001109,Amiloride 5mg / Bumetanide 1mg tablets,16664411000001109,AMP,0202040D0AAAAAA
19703711000001100,Amiloride 5mg / Bumetanide 1mg tablets,19703711000001100,AMP,0202040D0AAAAAA
15051211000001106,Amiloride 5mg / Bumetanide 1mg tablets,15051211000001106,AMP,0202040D0AAAAAA
38778811000001109,Amiloride 5mg / Bumetanide 1mg tablets,38778811000001109,AMP,0202040D0AAAAAA
33911000001104,Burinex A 5mg/1mg tablets,33911000001104,AMP,0202040D0BBAAAA
42207711000001105,Co-flumactone 25mg/25mg tablets,42207711000001105,VMP,0202040G0AAAAAA
42207811000001102,Co-flumactone 50mg/50mg tablets,42207811000001102,VMP,0202040G0AAABAB
762511000001105,Aldactide 25 tablets,762511000001105,AMP,0202040G0BBAAAA
4669111000001107,Aldactide 50 tablets,4669111000001107,AMP,0202040G0BBABAB
42208111000001105,Co-triamterzide 50mg/25mg tablets,42208111000001105,VMP,0202040H0AAAAAA
132811000001106,Dyazide 50mg/25mg tablets,132811000001106,AMP,0202040H0BBAAAA
191211000001106,Triam-Co 50mg/25mg tablets,191211000001106,AMP,0202040H0BCAAAA
721311000001104,Triamaxco 50mg/25mg tablets,721311000001104,AMP,0202040H0BDAAAA
8792111000001107,Spironolactone 1mg / Chlorothiazide 10mg capsules,8792111000001107,VMP,0202040S0AAAAAA
8746211000001109,Spironolactone 1mg / Chlorothiazide 10mg capsules,8746211000001109,AMP,0202040S0AAAAAA
8816211000001103,Spironolactone 1mg / Chlorothiazide 10mg oral powder sachets,8816211000001103,VMP,0202040S0AAABAB
8808011000001109,Spironolactone 1mg / Chlorothiazide 10mg oral powder sachets,8808011000001109,AMP,0202040S0AAABAB
12424211000001100,Spironolactone 20mg/5ml / Chlorothiazide 200mg/5ml oral solution,12424211000001100,VMP,0202040S0AAAFAF
12424311000001108,Spironolactone 20mg/5ml / Chlorothiazide 200mg/5ml oral suspension,12424311000001108,VMP,0202040S0AAAFAF
12419011000001104,Spironolactone 20mg/5ml / Chlorothiazide 200mg/5ml oral solution,12419011000001104,AMP,0202040S0AAAFAF
12417511000001100,Spironolactone 20mg/5ml / Chlorothiazide 200mg/5ml oral suspension,12417511000001100,AMP,0202040S0AAAFAF
18520511000001107,Spironolactone 4mg / Chlorothiazide 40mg capsules,18520511000001107,VMP,0202040S0AAAHAH
18515111000001101,Spironolactone 4mg / Chlorothiazide 40mg capsules,18515111000001101,AMP,0202040S0AAAHAH
12424511000001102,Spironolactone 10mg/5ml / Chlorothiazide 250mg/5ml oral solution,12424511000001102,VMP,0202040S0AAAIAI
12424611000001103,Spironolactone 10mg/5ml / Chlorothiazide 250mg/5ml oral suspension,12424611000001103,VMP,0202040S0AAAIAI
12420211000001108,Spironolactone 10mg/5ml / Chlorothiazide 250mg/5ml oral solution,12420211000001108,AMP,0202040S0AAAIAI
12419911000001100,Spironolactone 10mg/5ml / Chlorothiazide 250mg/5ml oral suspension,12419911000001100,AMP,0202040S0AAAIAI
12423911000001107,Spironolactone 10mg/5ml / Chlorothiazide 100mg/5ml oral solution,12423911000001107,VMP,0202040S0AAAJAJ
12424011000001105,Spironolactone 10mg/5ml / Chlorothiazide 100mg/5ml oral suspension,12424011000001105,VMP,0202040S0AAAJAJ
12414811000001106,Spironolactone 10mg/5ml / Chlorothiazide 100mg/5ml oral solution,12414811000001106,AMP,0202040S0AAAJAJ
12408511000001103,Spironolactone 10mg/5ml / Chlorothiazide 100mg/5ml oral suspension,12408511000001103,AMP,0202040S0AAAJAJ
12424711000001107,Spironolactone 5mg/5ml / Chlorothiazide 50mg/5ml oral solution,12424711000001107,VMP,0202040S0AAAKAK
12424811000001104,Spironolactone 5mg/5ml / Chlorothiazide 50mg/5ml oral suspension,12424811000001104,VMP,0202040S0AAAKAK
12421611000001100,Spironolactone 5mg/5ml / Chlorothiazide 50mg/5ml oral solution,12421611000001100,AMP,0202040S0AAAKAK
12420511000001106,Spironolactone 5mg/5ml / Chlorothiazide 50mg/5ml oral suspension,12420511000001106,AMP,0202040S0AAAKAK
16072811000001103,Spironolactone 3mg / Chlorothiazide 30mg capsules,16072811000001103,VMP,0202040S0AAAMAM
16071911000001102,Spironolactone 3mg / Chlorothiazide 30mg capsules,16071911000001102,AMP,0202040S0AAAMAM
16129611000001104,Spironolactone 10mg / Chlorothiazide 100mg capsules,16129611000001104,VMP,0202040S0AAANAN
16127911000001103,Spironolactone 10mg / Chlorothiazide 100mg capsules,16127911000001103,AMP,0202040S0AAANAN
27810911000001102,Spironolactone 5mg / Chlorothiazide 50mg capsules,27810911000001102,VMP,0202040S0AAAPAP
27749111000001100,Spironolactone 5mg / Chlorothiazide 50mg capsules,27749111000001100,AMP,0202040S0AAAPAP
28882011000001105,Spironolactone 16mg / Chlorothiazide 160mg capsules,28882011000001105,VMP,0202040S0AAAQAQ
28875111000001105,Spironolactone 16mg / Chlorothiazide 160mg capsules,28875111000001105,AMP,0202040S0AAAQAQ
32880211000001105,Spironolactone 6mg / Chlorothiazide 60mg capsules,32880211000001105,VMP,0202040S0AAARAR
32872611000001100,Spironolactone 6mg / Chlorothiazide 60mg capsules,32872611000001100,AMP,0202040S0AAARAR
42297911000001109,Spironolactone 50mg / Furosemide 20mg capsules,42297911000001109,VMP,0202040T0AAAAAA
3645811000001107,Lasilactone 20mg/50mg capsules,3645811000001107,AMP,0202040T0BBAAAA
42299311000001103,Triamterene 50mg / Furosemide 40mg tablets,42299311000001103,VMP,0202040U0AAAAAA
25411000001108,Frusene 50mg/40mg tablets,25411000001108,AMP,0202040U0BBAAAA
42216911000001107,Triamterene 50mg / Chlortalidone 50mg tablets,42216911000001107,VMP,0202040V0AAAAAA
42744111000001102,Triamterene 50mg / Chlortalidone 50mg tablets,42744111000001102,AMP,0202040V0AAAAAA
38020711000001102,Triamterene 50mg / Chlortalidone 50mg tablets,38020711000001102,AMP,0202040V0AAAAAA
37866011000001101,Triamterene 50mg / Chlortalidone 50mg tablets,37866011000001101,AMP,0202040V0AAAAAA
42216811000001102,Triamterene 50mg / Benzthiazide 25mg capsules,42216811000001102,VMP,0202040V0AAACAC
3252011000001105,Kalspare tablets,3252011000001105,AMP,0202040V0BBAAAA
714911000001108,Dytide capsules,714911000001108,AMP,0202040V0BDAAAC
35910011000001105,Bendroflumethiazide 2.5mg / Potassium chloride 573mg (potassium 7.7mmol) modified-release tablets,35910011000001105,VMP,0202080B0AAAAAA
35910111000001106,Bendroflumethiazide 2.5mg / Potassium chloride 630mg (potassium 8.4mmol) modified-release tablets,35910111000001106,VMP,0202080B0AAABAB
3932711000001105,Centyl K modified-release tablets,3932711000001105,AMP,0202080B0BBAAAA
3638211000001100,Neo-Naclex-K modified-release tablets,3638211000001100,AMP,0202080B0BCAAAB
35913011000001100,Bumetanide 500microgram / Potassium chloride 573mg (potassium 7.7mmol) modified-release tablets,35913011000001100,VMP,0202080C0AAAAAA
3290211000001109,Burinex K modified-release tablets,3290211000001109,AMP,0202080C0BBAAAA
36061311000001109,Furosemide 20mg / Potassium chloride 750mg (potassium 10mmol) modified-release tablets,36061311000001109,VMP,0202080K0AAAAAA
4557711000001102,Furosemide 40mg / Potassium chloride 600mg (potassium 8mmol) modified-release tablets,4557711000001102,VMP,0202080K0AAABAB
3704811000001105,Lasikal modified-release tablets,3704811000001105,AMP,0202080K0BBAAAA
4540011000001102,Diumide-K Continus tablets,4540011000001102,AMP,0202080K0BCAAAB
16460311000001107,Timolol 10mg / Amiloride 2.5mg / Hydrochlorothiazide 25mg tablets,16460311000001107,VMP,020400030AAADAD
16734011000001103,Timolol 10mg / Amiloride 2.5mg / Hydrochlorothiazide 25mg tablets,16734011000001103,AMP,020400030AAADAD
16641911000001108,Timolol 10mg / Amiloride 2.5mg / Hydrochlorothiazide 25mg tablets,16641911000001108,AMP,020400030AAADAD
16458411000001107,Timolol 10mg / Amiloride 2.5mg / Hydrochlorothiazide 25mg tablets,16458411000001107,AMP,020400030AAADAD
42383311000001105,Timolol 10mg / Bendroflumethiazide 2.5mg tablets,42383311000001105,VMP,020400030AAAEAE
31244611000001104,Timolol 10mg / Bendroflumethiazide 2.5mg tablets,31244611000001104,AMP,020400030AAAEAE
31257511000001109,Timolol 10mg / Bendroflumethiazide 2.5mg tablets,31257511000001109,AMP,020400030AAAEAE
30993311000001109,Timolol 10mg / Bendroflumethiazide 2.5mg tablets,30993311000001109,AMP,020400030AAAEAE
42373711000001103,Co-tenidone 50mg/12.5mg tablets,42373711000001103,VMP,020400040AAAAAA
884711000001106,Co-tenidone 50mg/12.5mg tablets,884711000001106,AMP,020400040AAAAAA
653811000001101,Co-tenidone 50mg/12.5mg tablets,653811000001101,AMP,020400040AAAAAA
903211000001106,Co-tenidone 50mg/12.5mg tablets,903211000001106,AMP,020400040AAAAAA
9789211000001106,Co-tenidone 50mg/12.5mg tablets,9789211000001106,AMP,020400040AAAAAA
10398711000001106,Co-tenidone 50mg/12.5mg tablets,10398711000001106,AMP,020400040AAAAAA
23857811000001106,Co-tenidone 50mg/12.5mg tablets,23857811000001106,AMP,020400040AAAAAA
42832111000001109,Co-tenidone 50mg/12.5mg tablets,42832111000001109,AMP,020400040AAAAAA
576211000001104,Co-tenidone 50mg/12.5mg tablets,576211000001104,AMP,020400040AAAAAA
32111000001108,Co-tenidone 50mg/12.5mg tablets,32111000001108,AMP,020400040AAAAAA
37056211000001100,Co-tenidone 50mg/12.5mg tablets,37056211000001100,AMP,020400040AAAAAA
38858711000001100,Co-tenidone 50mg/12.5mg tablets,38858711000001100,AMP,020400040AAAAAA
21408611000001102,Co-tenidone 50mg/12.5mg tablets,21408611000001102,AMP,020400040AAAAAA
17888911000001103,Co-tenidone 50mg/12.5mg tablets,17888911000001103,AMP,020400040AAAAAA
35592511000001107,Co-tenidone 50mg/12.5mg tablets,35592511000001107,AMP,020400040AAAAAA
552311000001106,Co-tenidone 50mg/12.5mg tablets,552311000001106,AMP,020400040AAAAAA
29799911000001101,Co-tenidone 50mg/12.5mg tablets,29799911000001101,AMP,020400040AAAAAA
143311000001108,Co-tenidone 50mg/12.5mg tablets,143311000001108,AMP,020400040AAAAAA
587011000001102,Co-tenidone 50mg/12.5mg tablets,587011000001102,AMP,020400040AAAAAA
21942111000001101,Co-tenidone 50mg/12.5mg tablets,21942111000001101,AMP,020400040AAAAAA
622411000001106,Co-tenidone 50mg/12.5mg tablets,622411000001106,AMP,020400040AAAAAA
42373611000001107,Co-tenidone 100mg/25mg tablets,42373611000001107,VMP,020400040AAABAB
793911000001107,Co-tenidone 100mg/25mg tablets,793911000001107,AMP,020400040AAABAB
588911000001102,Co-tenidone 100mg/25mg tablets,588911000001102,AMP,020400040AAABAB
885911000001107,Co-tenidone 100mg/25mg tablets,885911000001107,AMP,020400040AAABAB
9789611000001108,Co-tenidone 100mg/25mg tablets,9789611000001108,AMP,020400040AAABAB
10398911000001108,Co-tenidone 100mg/25mg tablets,10398911000001108,AMP,020400040AAABAB
23858011000001104,Co-tenidone 100mg/25mg tablets,23858011000001104,AMP,020400040AAABAB
44123811000001109,Co-tenidone 100mg/25mg tablets,44123811000001109,AMP,020400040AAABAB
134211000001101,Co-tenidone 100mg/25mg tablets,134211000001101,AMP,020400040AAABAB
650411000001106,Co-tenidone 100mg/25mg tablets,650411000001106,AMP,020400040AAABAB
37056411000001101,Co-tenidone 100mg/25mg tablets,37056411000001101,AMP,020400040AAABAB
38858311000001104,Co-tenidone 100mg/25mg tablets,38858311000001104,AMP,020400040AAABAB
20480411000001109,Co-tenidone 100mg/25mg tablets,20480411000001109,AMP,020400040AAABAB
17889111000001108,Co-tenidone 100mg/25mg tablets,17889111000001108,AMP,020400040AAABAB
35592711000001102,Co-tenidone 100mg/25mg tablets,35592711000001102,AMP,020400040AAABAB
248711000001103,Co-tenidone 100mg/25mg tablets,248711000001103,AMP,020400040AAABAB
29799711000001103,Co-tenidone 100mg/25mg tablets,29799711000001103,AMP,020400040AAABAB
485811000001105,Co-tenidone 100mg/25mg tablets,485811000001105,AMP,020400040AAABAB
594311000001107,Co-tenidone 100mg/25mg tablets,594311000001107,AMP,020400040AAABAB
21942311000001104,Co-tenidone 100mg/25mg tablets,21942311000001104,AMP,020400040AAABAB
589111000001107,Co-tenidone 100mg/25mg tablets,589111000001107,AMP,020400040AAABAB
11815211000001100,Co-tenidone 100mg/25mg/5ml oral solution,11815211000001100,VMP,020400040AAACAC
11815311000001108,Co-tenidone 100mg/25mg/5ml oral suspension,11815311000001108,VMP,020400040AAACAC
11799811000001104,Co-tenidone 100mg/25mg/5ml oral solution,11799811000001104,AMP,020400040AAACAC
11799511000001102,Co-tenidone 100mg/25mg/5ml oral suspension,11799511000001102,AMP,020400040AAACAC
825011000001103,Tenoret 50mg/12.5mg tablets,825011000001103,AMP,020400040BBAAAA
288711000001105,Tenoretic 100mg/25mg tablets,288711000001105,AMP,020400040BCAAAB
629011000001109,Atenix Co 50 tablets,629011000001109,AMP,020400040BDAAAA
101411000001108,Atenix Co 100 tablets,101411000001108,AMP,020400040BDABAB
439411000001104,Tenchlor 50mg/12.5mg tablets,439411000001104,AMP,020400040BEAAAA
298311000001107,Tenchlor 100mg/25mg tablets,298311000001107,AMP,020400040BEABAB
39733811000001100,Bisoprolol 10mg / Hydrochlorothiazide 6.25mg tablets,39733811000001100,VMP,020400090AAAAAA
42370511000001102,Atenolol 25mg / Bendroflumethiazide 1.25mg capsules,42370511000001102,VMP,0204000A0AAAAAA
39725011000001105,Acebutolol 200mg / Hydrochlorothiazide 12.5mg tablets,39725011000001105,VMP,0204000B0AAAAAA
42380411000001106,Propranolol 80mg / Bendroflumethiazide 2.5mg capsules,42380411000001106,VMP,0204000Q0AAAAAA
35932411000001108,Propranolol 160mg modified-release / Bendroflumethiazide 5mg capsules,35932411000001108,VMP,0204000Q0AAABAB
42377211000001101,Metoprolol 100mg / Hydrochlorothiazide 12.5mg tablets,42377211000001101,VMP,0204000W0AAAAAA
36035311000001101,Metoprolol 200mg modified-release / Hydrochlorothiazide 25mg tablets,36035311000001101,VMP,0204000W0AAABAB
42377711000001108,Nadolol 40mg / Bendroflumethiazide 5mg tablets,42377711000001108,VMP,0204000X0AAAAAA
42377911000001105,Nadolol 80mg / Bendroflumethiazide 5mg tablets,42377911000001105,VMP,0204000X0AAABAB
36091611000001101,Co-prenozide 160mg/0.25mg modified-release tablets,36091611000001101,VMP,0204000Y0AAAAAA
3444411000001107,Trasidrex modified-release tablets,3444411000001107,AMP,0204000Y0BBAAAA
21940011000001101,Perindopril tosilate 5mg / Indapamide 1.25mg tablets,21940011000001101,VMP,0205051ABAAAAAA
21927911000001103,Perindopril tosilate 5mg / Indapamide 1.25mg tablets,21927911000001103,AMP,0205051ABAAAAAA
21911811000001109,Perindopril tosilate 5mg / Indapamide 1.25mg tablets,21911811000001109,AMP,0205051ABAAAAAA
42373911000001101,Co-zidocapt 25mg/50mg tablets,42373911000001101,VMP,0205051G0AAAAAA
642211000001105,Co-zidocapt 25mg/50mg tablets,642211000001105,AMP,0205051G0AAAAAA
614011000001103,Co-zidocapt 25mg/50mg tablets,614011000001103,AMP,0205051G0AAAAAA
5470811000001107,Co-zidocapt 25mg/50mg tablets,5470811000001107,AMP,0205051G0AAAAAA
307811000001106,Co-zidocapt 25mg/50mg tablets,307811000001106,AMP,0205051G0AAAAAA
13747211000001106,Co-zidocapt 25mg/50mg tablets,13747211000001106,AMP,0205051G0AAAAAA
42373811000001106,Co-zidocapt 12.5mg/25mg tablets,42373811000001106,VMP,0205051G0AAABAB
7492911000001107,Co-zidocapt 12.5mg/25mg tablets,7492911000001107,AMP,0205051G0AAABAB
207311000001109,Co-zidocapt 12.5mg/25mg tablets,207311000001109,AMP,0205051G0AAABAB
5470311000001103,Co-zidocapt 12.5mg/25mg tablets,5470311000001103,AMP,0205051G0AAABAB
765211000001102,Co-zidocapt 12.5mg/25mg tablets,765211000001102,AMP,0205051G0AAABAB
13747011000001101,Co-zidocapt 12.5mg/25mg tablets,13747011000001101,AMP,0205051G0AAABAB
263311000001101,Acezide 25mg/50mg tablets,263311000001101,AMP,0205051G0BBAAAA
17311000001102,Capozide 25mg/50mg tablets,17311000001102,AMP,0205051G0BCAAAA
546711000001107,Capozide LS 12.5mg/25mg tablets,546711000001107,AMP,0205051G0BCABAB
39691911000001109,Enalapril 20mg / Hydrochlorothiazide 12.5mg tablets,39691911000001109,VMP,0205051H0AAAAAA
9253411000001107,Enalapril 20mg / Hydrochlorothiazide 12.5mg tablets,9253411000001107,AMP,0205051H0AAAAAA
7846711000001109,Enalapril 20mg / Hydrochlorothiazide 12.5mg tablets,7846711000001109,AMP,0205051H0AAAAAA
40230111000001108,Enalapril 20mg / Hydrochlorothiazide 12.5mg tablets,40230111000001108,AMP,0205051H0AAAAAA
23973711000001103,Enalapril 20mg / Hydrochlorothiazide 12.5mg tablets,23973711000001103,AMP,0205051H0AAAAAA
30124611000001107,Enalapril 20mg / Hydrochlorothiazide 12.5mg tablets,30124611000001107,AMP,0205051H0AAAAAA
38881411000001105,Enalapril 20mg / Hydrochlorothiazide 12.5mg tablets,38881411000001105,AMP,0205051H0AAAAAA
17901011000001104,Enalapril 20mg / Hydrochlorothiazide 12.5mg tablets,17901011000001104,AMP,0205051H0AAAAAA
4473011000001102,Enalapril 20mg / Hydrochlorothiazide 12.5mg tablets,4473011000001102,AMP,0205051H0AAAAAA
29849111000001109,Enalapril 20mg / Hydrochlorothiazide 12.5mg tablets,29849111000001109,AMP,0205051H0AAAAAA
18743911000001105,Enalapril 20mg / Hydrochlorothiazide 12.5mg tablets,18743911000001105,AMP,0205051H0AAAAAA
13750511000001108,Enalapril 20mg / Hydrochlorothiazide 12.5mg tablets,13750511000001108,AMP,0205051H0AAAAAA
33586411000001104,Enalapril 20mg / Hydrochlorothiazide 12.5mg tablets,33586411000001104,AMP,0205051H0AAAAAA
42376311000001106,Lisinopril 20mg / Hydrochlorothiazide 12.5mg tablets,42376311000001106,VMP,0205051K0AAAAAA
7495911000001104,Lisinopril 20mg / Hydrochlorothiazide 12.5mg tablets,7495911000001104,AMP,0205051K0AAAAAA
7513811000001103,Lisinopril 20mg / Hydrochlorothiazide 12.5mg tablets,7513811000001103,AMP,0205051K0AAAAAA
13845711000001107,Lisinopril 20mg / Hydrochlorothiazide 12.5mg tablets,13845711000001107,AMP,0205051K0AAAAAA
16061211000001103,Lisinopril 20mg / Hydrochlorothiazide 12.5mg tablets,16061211000001103,AMP,0205051K0AAAAAA
24367111000001107,Lisinopril 20mg / Hydrochlorothiazide 12.5mg tablets,24367111000001107,AMP,0205051K0AAAAAA
7977511000001109,Lisinopril 20mg / Hydrochlorothiazide 12.5mg tablets,7977511000001109,AMP,0205051K0AAAAAA
27475211000001104,Lisinopril 20mg / Hydrochlorothiazide 12.5mg tablets,27475211000001104,AMP,0205051K0AAAAAA
37259911000001107,Lisinopril 20mg / Hydrochlorothiazide 12.5mg tablets,37259911000001107,AMP,0205051K0AAAAAA
39019311000001100,Lisinopril 20mg / Hydrochlorothiazide 12.5mg tablets,39019311000001100,AMP,0205051K0AAAAAA
17936811000001107,Lisinopril 20mg / Hydrochlorothiazide 12.5mg tablets,17936811000001107,AMP,0205051K0AAAAAA
8171711000001103,Lisinopril 20mg / Hydrochlorothiazide 12.5mg tablets,8171711000001103,AMP,0205051K0AAAAAA
29891911000001102,Lisinopril 20mg / Hydrochlorothiazide 12.5mg tablets,29891911000001102,AMP,0205051K0AAAAAA
7334911000001102,Lisinopril 20mg / Hydrochlorothiazide 12.5mg tablets,7334911000001102,AMP,0205051K0AAAAAA
13754811000001101,Lisinopril 20mg / Hydrochlorothiazide 12.5mg tablets,13754811000001101,AMP,0205051K0AAAAAA
9089111000001103,Lisinopril 20mg / Hydrochlorothiazide 12.5mg tablets,9089111000001103,AMP,0205051K0AAAAAA
22071811000001105,Lisinopril 20mg / Hydrochlorothiazide 12.5mg tablets,22071811000001105,AMP,0205051K0AAAAAA
42213111000001104,Lisinopril 10mg / Hydrochlorothiazide 12.5mg tablets,42213111000001104,VMP,0205051K0AAABAB
7495011000001103,Lisinopril 10mg / Hydrochlorothiazide 12.5mg tablets,7495011000001103,AMP,0205051K0AAABAB
7513611000001102,Lisinopril 10mg / Hydrochlorothiazide 12.5mg tablets,7513611000001102,AMP,0205051K0AAABAB
13845511000001102,Lisinopril 10mg / Hydrochlorothiazide 12.5mg tablets,13845511000001102,AMP,0205051K0AAABAB
16061011000001108,Lisinopril 10mg / Hydrochlorothiazide 12.5mg tablets,16061011000001108,AMP,0205051K0AAABAB
24366811000001102,Lisinopril 10mg / Hydrochlorothiazide 12.5mg tablets,24366811000001102,AMP,0205051K0AAABAB
7977211000001106,Lisinopril 10mg / Hydrochlorothiazide 12.5mg tablets,7977211000001106,AMP,0205051K0AAABAB
28168411000001108,Lisinopril 10mg / Hydrochlorothiazide 12.5mg tablets,28168411000001108,AMP,0205051K0AAABAB
30221211000001106,Lisinopril 10mg / Hydrochlorothiazide 12.5mg tablets,30221211000001106,AMP,0205051K0AAABAB
39019111000001102,Lisinopril 10mg / Hydrochlorothiazide 12.5mg tablets,39019111000001102,AMP,0205051K0AAABAB
17936611000001108,Lisinopril 10mg / Hydrochlorothiazide 12.5mg tablets,17936611000001108,AMP,0205051K0AAABAB
8171311000001102,Lisinopril 10mg / Hydrochlorothiazide 12.5mg tablets,8171311000001102,AMP,0205051K0AAABAB
29892111000001105,Lisinopril 10mg / Hydrochlorothiazide 12.5mg tablets,29892111000001105,AMP,0205051K0AAABAB
7334711000001104,Lisinopril 10mg / Hydrochlorothiazide 12.5mg tablets,7334711000001104,AMP,0205051K0AAABAB
13754611000001100,Lisinopril 10mg / Hydrochlorothiazide 12.5mg tablets,13754611000001100,AMP,0205051K0AAABAB
22071611000001106,Lisinopril 10mg / Hydrochlorothiazide 12.5mg tablets,22071611000001106,AMP,0205051K0AAABAB
3437611000001100,Perindopril erbumine 4mg / Indapamide 1.25mg tablets,3437611000001100,VMP,0205051N0AAAAAA
18311211000001107,Perindopril erbumine 4mg / Indapamide 1.25mg tablets,18311211000001107,AMP,0205051N0AAAAAA
16641511000001101,Perindopril erbumine 4mg / Indapamide 1.25mg tablets,16641511000001101,AMP,0205051N0AAAAAA
16083211000001102,Perindopril erbumine 4mg / Indapamide 1.25mg tablets,16083211000001102,AMP,0205051N0AAAAAA
39693411000001102,Quinapril 10mg / Hydrochlorothiazide 12.5mg tablets,39693411000001102,VMP,0205051P0AAAAAA
22785911000001108,Quinapril 10mg / Hydrochlorothiazide 12.5mg tablets,22785911000001108,AMP,0205051P0AAAAAA
35179711000001107,Quinapril 10mg / Hydrochlorothiazide 12.5mg tablets,35179711000001107,AMP,0205051P0AAAAAA
13454311000001101,Perindopril arginine 5mg / Indapamide 1.25mg tablets,13454311000001101,VMP,0205051Z0AAAAAA
42375211000001109,Irbesartan 150mg / Hydrochlorothiazide 12.5mg tablets,42375211000001109,VMP,0205052A0AAAAAA
23478711000001106,Irbesartan 150mg / Hydrochlorothiazide 12.5mg tablets,23478711000001106,AMP,0205052A0AAAAAA
23472411000001102,Irbesartan 150mg / Hydrochlorothiazide 12.5mg tablets,23472411000001102,AMP,0205052A0AAAAAA
23480911000001100,Irbesartan 150mg / Hydrochlorothiazide 12.5mg tablets,23480911000001100,AMP,0205052A0AAAAAA
40684511000001104,Irbesartan 150mg / Hydrochlorothiazide 12.5mg tablets,40684511000001104,AMP,0205052A0AAAAAA
42232911000001100,Irbesartan 150mg / Hydrochlorothiazide 12.5mg tablets,42232911000001100,AMP,0205052A0AAAAAA
37422511000001107,Irbesartan 150mg / Hydrochlorothiazide 12.5mg tablets,37422511000001107,AMP,0205052A0AAAAAA
26763511000001103,Irbesartan 150mg / Hydrochlorothiazide 12.5mg tablets,26763511000001103,AMP,0205052A0AAAAAA
29672611000001103,Irbesartan 150mg / Hydrochlorothiazide 12.5mg tablets,29672611000001103,AMP,0205052A0AAAAAA
30215211000001102,Irbesartan 150mg / Hydrochlorothiazide 12.5mg tablets,30215211000001102,AMP,0205052A0AAAAAA
39002311000001105,Irbesartan 150mg / Hydrochlorothiazide 12.5mg tablets,39002311000001105,AMP,0205052A0AAAAAA
23954111000001100,Irbesartan 150mg / Hydrochlorothiazide 12.5mg tablets,23954111000001100,AMP,0205052A0AAAAAA
29880711000001106,Irbesartan 150mg / Hydrochlorothiazide 12.5mg tablets,29880711000001106,AMP,0205052A0AAAAAA
23310011000001106,Irbesartan 150mg / Hydrochlorothiazide 12.5mg tablets,23310011000001106,AMP,0205052A0AAAAAA
33600511000001109,Irbesartan 150mg / Hydrochlorothiazide 12.5mg tablets,33600511000001109,AMP,0205052A0AAAAAA
42375411000001108,Irbesartan 300mg / Hydrochlorothiazide 12.5mg tablets,42375411000001108,VMP,0205052A0AAABAB
23479111000001103,Irbesartan 300mg / Hydrochlorothiazide 12.5mg tablets,23479111000001103,AMP,0205052A0AAABAB
23472611000001104,Irbesartan 300mg / Hydrochlorothiazide 12.5mg tablets,23472611000001104,AMP,0205052A0AAABAB
23481111000001109,Irbesartan 300mg / Hydrochlorothiazide 12.5mg tablets,23481111000001109,AMP,0205052A0AAABAB
40684711000001109,Irbesartan 300mg / Hydrochlorothiazide 12.5mg tablets,40684711000001109,AMP,0205052A0AAABAB
42225911000001106,Irbesartan 300mg / Hydrochlorothiazide 12.5mg tablets,42225911000001106,AMP,0205052A0AAABAB
37422711000001102,Irbesartan 300mg / Hydrochlorothiazide 12.5mg tablets,37422711000001102,AMP,0205052A0AAABAB
26764611000001101,Irbesartan 300mg / Hydrochlorothiazide 12.5mg tablets,26764611000001101,AMP,0205052A0AAABAB
29672811000001104,Irbesartan 300mg / Hydrochlorothiazide 12.5mg tablets,29672811000001104,AMP,0205052A0AAABAB
30215611000001100,Irbesartan 300mg / Hydrochlorothiazide 12.5mg tablets,30215611000001100,AMP,0205052A0AAABAB
39003511000001106,Irbesartan 300mg / Hydrochlorothiazide 12.5mg tablets,39003511000001106,AMP,0205052A0AAABAB
23954311000001103,Irbesartan 300mg / Hydrochlorothiazide 12.5mg tablets,23954311000001103,AMP,0205052A0AAABAB
29880911000001108,Irbesartan 300mg / Hydrochlorothiazide 12.5mg tablets,29880911000001108,AMP,0205052A0AAABAB
23310211000001101,Irbesartan 300mg / Hydrochlorothiazide 12.5mg tablets,23310211000001101,AMP,0205052A0AAABAB
33600711000001104,Irbesartan 300mg / Hydrochlorothiazide 12.5mg tablets,33600711000001104,AMP,0205052A0AAABAB
10970311000001105,Irbesartan 300mg / Hydrochlorothiazide 25mg tablets,10970311000001105,VMP,0205052A0AAACAC
23479511000001107,Irbesartan 300mg / Hydrochlorothiazide 25mg tablets,23479511000001107,AMP,0205052A0AAACAC
23472811000001100,Irbesartan 300mg / Hydrochlorothiazide 25mg tablets,23472811000001100,AMP,0205052A0AAACAC
23481311000001106,Irbesartan 300mg / Hydrochlorothiazide 25mg tablets,23481311000001106,AMP,0205052A0AAACAC
40684911000001106,Irbesartan 300mg / Hydrochlorothiazide 25mg tablets,40684911000001106,AMP,0205052A0AAACAC
42226111000001102,Irbesartan 300mg / Hydrochlorothiazide 25mg tablets,42226111000001102,AMP,0205052A0AAACAC
37422911000001100,Irbesartan 300mg / Hydrochlorothiazide 25mg tablets,37422911000001100,AMP,0205052A0AAACAC
26764811000001102,Irbesartan 300mg / Hydrochlorothiazide 25mg tablets,26764811000001102,AMP,0205052A0AAACAC
29673011000001101,Irbesartan 300mg / Hydrochlorothiazide 25mg tablets,29673011000001101,AMP,0205052A0AAACAC
30215811000001101,Irbesartan 300mg / Hydrochlorothiazide 25mg tablets,30215811000001101,AMP,0205052A0AAACAC
39003311000001100,Irbesartan 300mg / Hydrochlorothiazide 25mg tablets,39003311000001100,AMP,0205052A0AAACAC
23954511000001109,Irbesartan 300mg / Hydrochlorothiazide 25mg tablets,23954511000001109,AMP,0205052A0AAACAC
29881011000001100,Irbesartan 300mg / Hydrochlorothiazide 25mg tablets,29881011000001100,AMP,0205052A0AAACAC
23310411000001102,Irbesartan 300mg / Hydrochlorothiazide 25mg tablets,23310411000001102,AMP,0205052A0AAACAC
33600911000001102,Irbesartan 300mg / Hydrochlorothiazide 25mg tablets,33600911000001102,AMP,0205052A0AAACAC
18987811000001107,Generic Sevikar HCT 20mg/5mg/12.5mg tablets,18987811000001107,VMP,0205052ACAAAAAA
18988111000001104,Generic Sevikar HCT 40mg/5mg/12.5mg tablets,18988111000001104,VMP,0205052ACAAABAB
18987911000001102,Generic Sevikar HCT 40mg/10mg/12.5mg tablets,18987911000001102,VMP,0205052ACAAACAC
18988211000001105,Generic Sevikar HCT 40mg/5mg/25mg tablets,18988211000001105,VMP,0205052ACAAADAD
18988011000001100,Generic Sevikar HCT 40mg/10mg/25mg tablets,18988011000001100,VMP,0205052ACAAAEAE
18986411000001108,Sevikar HCT 20mg/5mg/12.5mg tablets,18986411000001108,AMP,0205052ACBBAAAA
18986711000001102,Sevikar HCT 40mg/5mg/12.5mg tablets,18986711000001102,AMP,0205052ACBBABAB
18987011000001101,Sevikar HCT 40mg/10mg/12.5mg tablets,18987011000001101,AMP,0205052ACBBACAC
18987311000001103,Sevikar HCT 40mg/5mg/25mg tablets,18987311000001103,AMP,0205052ACBBADAD
18987611000001108,Sevikar HCT 40mg/10mg/25mg tablets,18987611000001108,AMP,0205052ACBBAEAE
45887911000001102,Candesartan 8mg / Hydrochlorothiazide 12.5mg tablets,45887911000001102,VMP,0205052AFAAAAAA
45875411000001108,Candesartan 8mg / Hydrochlorothiazide 12.5mg tablets,45875411000001108,AMP,0205052AFAAAAAA
45887611000001108,Candesartan 16mg / Hydrochlorothiazide 12.5mg tablets,45887611000001108,VMP,0205052AFAAABAB
45877911000001105,Candesartan 16mg / Hydrochlorothiazide 12.5mg tablets,45877911000001105,AMP,0205052AFAAABAB
45887711000001104,Candesartan 32mg / Hydrochlorothiazide 12.5mg tablets,45887711000001104,VMP,0205052AFAAACAC
45878511000001104,Candesartan 32mg / Hydrochlorothiazide 12.5mg tablets,45878511000001104,AMP,0205052AFAAACAC
45887811000001107,Candesartan 32mg / Hydrochlorothiazide 25mg tablets,45887811000001107,VMP,0205052AFAAADAD
45882311000001100,Candesartan 32mg / Hydrochlorothiazide 25mg tablets,45882311000001100,AMP,0205052AFAAADAD
42376911000001107,Losartan 50mg / Hydrochlorothiazide 12.5mg tablets,42376911000001107,VMP,0205052P0AAAAAA
17014911000001107,Losartan 50mg / Hydrochlorothiazide 12.5mg tablets,17014911000001107,AMP,0205052P0AAAAAA
18165111000001109,Losartan 50mg / Hydrochlorothiazide 12.5mg tablets,18165111000001109,AMP,0205052P0AAAAAA
17025311000001101,Losartan 50mg / Hydrochlorothiazide 12.5mg tablets,17025311000001101,AMP,0205052P0AAAAAA
17659911000001106,Losartan 50mg / Hydrochlorothiazide 12.5mg tablets,17659911000001106,AMP,0205052P0AAAAAA
39842511000001108,Losartan 50mg / Hydrochlorothiazide 12.5mg tablets,39842511000001108,AMP,0205052P0AAAAAA
36081511000001101,Losartan 50mg / Hydrochlorothiazide 12.5mg tablets,36081511000001101,AMP,0205052P0AAAAAA
24371611000001101,Losartan 50mg / Hydrochlorothiazide 12.5mg tablets,24371611000001101,AMP,0205052P0AAAAAA
45739911000001102,Losartan 50mg / Hydrochlorothiazide 12.5mg tablets,45739911000001102,AMP,0205052P0AAAAAA
35688211000001101,Losartan 50mg / Hydrochlorothiazide 12.5mg tablets,35688211000001101,AMP,0205052P0AAAAAA
27475411000001100,Losartan 50mg / Hydrochlorothiazide 12.5mg tablets,27475411000001100,AMP,0205052P0AAAAAA
30810911000001108,Losartan 50mg / Hydrochlorothiazide 12.5mg tablets,30810911000001108,AMP,0205052P0AAAAAA
36503811000001102,Losartan 50mg / Hydrochlorothiazide 12.5mg tablets,36503811000001102,AMP,0205052P0AAAAAA
39031711000001105,Losartan 50mg / Hydrochlorothiazide 12.5mg tablets,39031711000001105,AMP,0205052P0AAAAAA
35852211000001103,Losartan 50mg / Hydrochlorothiazide 12.5mg tablets,35852211000001103,AMP,0205052P0AAAAAA
35167011000001109,Losartan 50mg / Hydrochlorothiazide 12.5mg tablets,35167011000001109,AMP,0205052P0AAAAAA
18139511000001105,Losartan 50mg / Hydrochlorothiazide 12.5mg tablets,18139511000001105,AMP,0205052P0AAAAAA
45410711000001109,Losartan 50mg / Hydrochlorothiazide 12.5mg tablets,45410711000001109,AMP,0205052P0AAAAAA
20308811000001100,Losartan 50mg / Hydrochlorothiazide 12.5mg tablets,20308811000001100,AMP,0205052P0AAAAAA
29899511000001105,Losartan 50mg / Hydrochlorothiazide 12.5mg tablets,29899511000001105,AMP,0205052P0AAAAAA
18552511000001109,Losartan 50mg / Hydrochlorothiazide 12.5mg tablets,18552511000001109,AMP,0205052P0AAAAAA
17024711000001101,Losartan 50mg / Hydrochlorothiazide 12.5mg tablets,17024711000001101,AMP,0205052P0AAAAAA
36884711000001105,Losartan 50mg / Hydrochlorothiazide 12.5mg tablets,36884711000001105,AMP,0205052P0AAAAAA
16971411000001100,Losartan 50mg / Hydrochlorothiazide 12.5mg tablets,16971411000001100,AMP,0205052P0AAAAAA
21788511000001108,Losartan 50mg / Hydrochlorothiazide 12.5mg tablets,21788511000001108,AMP,0205052P0AAAAAA
16749711000001104,Losartan 50mg / Hydrochlorothiazide 12.5mg tablets,16749711000001104,AMP,0205052P0AAAAAA
42376611000001101,Losartan 100mg / Hydrochlorothiazide 25mg tablets,42376611000001101,VMP,0205052P0AAABAB
17015111000001108,Losartan 100mg / Hydrochlorothiazide 25mg tablets,17015111000001108,AMP,0205052P0AAABAB
18299211000001100,Losartan 100mg / Hydrochlorothiazide 25mg tablets,18299211000001100,AMP,0205052P0AAABAB
17025511000001107,Losartan 100mg / Hydrochlorothiazide 25mg tablets,17025511000001107,AMP,0205052P0AAABAB
17660111000001109,Losartan 100mg / Hydrochlorothiazide 25mg tablets,17660111000001109,AMP,0205052P0AAABAB
35484011000001104,Losartan 100mg / Hydrochlorothiazide 25mg tablets,35484011000001104,AMP,0205052P0AAABAB
24371411000001104,Losartan 100mg / Hydrochlorothiazide 25mg tablets,24371411000001104,AMP,0205052P0AAABAB
45740311000001106,Losartan 100mg / Hydrochlorothiazide 25mg tablets,45740311000001106,AMP,0205052P0AAABAB
35688811000001100,Losartan 100mg / Hydrochlorothiazide 25mg tablets,35688811000001100,AMP,0205052P0AAABAB
28070611000001106,Losartan 100mg / Hydrochlorothiazide 25mg tablets,28070611000001106,AMP,0205052P0AAABAB
30826311000001104,Losartan 100mg / Hydrochlorothiazide 25mg tablets,30826311000001104,AMP,0205052P0AAABAB
36500711000001101,Losartan 100mg / Hydrochlorothiazide 25mg tablets,36500711000001101,AMP,0205052P0AAABAB
39031511000001100,Losartan 100mg / Hydrochlorothiazide 25mg tablets,39031511000001100,AMP,0205052P0AAABAB
35856211000001102,Losartan 100mg / Hydrochlorothiazide 25mg tablets,35856211000001102,AMP,0205052P0AAABAB
35167411000001100,Losartan 100mg / Hydrochlorothiazide 25mg tablets,35167411000001100,AMP,0205052P0AAABAB
18139711000001100,Losartan 100mg / Hydrochlorothiazide 25mg tablets,18139711000001100,AMP,0205052P0AAABAB
45411011000001103,Losartan 100mg / Hydrochlorothiazide 25mg tablets,45411011000001103,AMP,0205052P0AAABAB
20309411000001105,Losartan 100mg / Hydrochlorothiazide 25mg tablets,20309411000001105,AMP,0205052P0AAABAB
29898611000001100,Losartan 100mg / Hydrochlorothiazide 25mg tablets,29898611000001100,AMP,0205052P0AAABAB
20102611000001105,Losartan 100mg / Hydrochlorothiazide 25mg tablets,20102611000001105,AMP,0205052P0AAABAB
17024911000001104,Losartan 100mg / Hydrochlorothiazide 25mg tablets,17024911000001104,AMP,0205052P0AAABAB
36885311000001105,Losartan 100mg / Hydrochlorothiazide 25mg tablets,36885311000001105,AMP,0205052P0AAABAB
16971211000001104,Losartan 100mg / Hydrochlorothiazide 25mg tablets,16971211000001104,AMP,0205052P0AAABAB
21788711000001103,Losartan 100mg / Hydrochlorothiazide 25mg tablets,21788711000001103,AMP,0205052P0AAABAB
13112711000001103,Losartan 100mg / Hydrochlorothiazide 12.5mg tablets,13112711000001103,VMP,0205052P0AAACAC
18276311000001107,Losartan 100mg / Hydrochlorothiazide 12.5mg tablets,18276311000001107,AMP,0205052P0AAACAC
20947111000001109,Losartan 100mg / Hydrochlorothiazide 12.5mg tablets,20947111000001109,AMP,0205052P0AAACAC
18277011000001107,Losartan 100mg / Hydrochlorothiazide 12.5mg tablets,18277011000001107,AMP,0205052P0AAACAC
24371211000001103,Losartan 100mg / Hydrochlorothiazide 12.5mg tablets,24371211000001103,AMP,0205052P0AAACAC
45740111000001109,Losartan 100mg / Hydrochlorothiazide 12.5mg tablets,45740111000001109,AMP,0205052P0AAACAC
35688611000001104,Losartan 100mg / Hydrochlorothiazide 12.5mg tablets,35688611000001104,AMP,0205052P0AAACAC
30811111000001104,Losartan 100mg / Hydrochlorothiazide 12.5mg tablets,30811111000001104,AMP,0205052P0AAACAC
39031311000001106,Losartan 100mg / Hydrochlorothiazide 12.5mg tablets,39031311000001106,AMP,0205052P0AAACAC
35167211000001104,Losartan 100mg / Hydrochlorothiazide 12.5mg tablets,35167211000001104,AMP,0205052P0AAACAC
18618811000001108,Losartan 100mg / Hydrochlorothiazide 12.5mg tablets,18618811000001108,AMP,0205052P0AAACAC
21992611000001103,Losartan 100mg / Hydrochlorothiazide 12.5mg tablets,21992611000001103,AMP,0205052P0AAACAC
29898411000001103,Losartan 100mg / Hydrochlorothiazide 12.5mg tablets,29898411000001103,AMP,0205052P0AAACAC
19485511000001100,Losartan 100mg / Hydrochlorothiazide 12.5mg tablets,19485511000001100,AMP,0205052P0AAACAC
33594611000001106,Losartan 100mg / Hydrochlorothiazide 12.5mg tablets,33594611000001106,AMP,0205052P0AAACAC
42382911000001104,Telmisartan 40mg / Hydrochlorothiazide 12.5mg tablets,42382911000001104,VMP,0205052R0AAAAAA
24425911000001104,Telmisartan 40mg / Hydrochlorothiazide 12.5mg tablets,24425911000001104,AMP,0205052R0AAAAAA
34941911000001100,Telmisartan 40mg / Hydrochlorothiazide 12.5mg tablets,34941911000001100,AMP,0205052R0AAAAAA
44088211000001101,Telmisartan 40mg / Hydrochlorothiazide 12.5mg tablets,44088211000001101,AMP,0205052R0AAAAAA
43964711000001106,Telmisartan 40mg / Hydrochlorothiazide 12.5mg tablets,43964711000001106,AMP,0205052R0AAAAAA
37819711000001105,Telmisartan 40mg / Hydrochlorothiazide 12.5mg tablets,37819711000001105,AMP,0205052R0AAAAAA
41470011000001103,Telmisartan 40mg / Hydrochlorothiazide 12.5mg tablets,41470011000001103,AMP,0205052R0AAAAAA
42588811000001109,Telmisartan 40mg / Hydrochlorothiazide 12.5mg tablets,42588811000001109,AMP,0205052R0AAAAAA
39896111000001108,Telmisartan 40mg / Hydrochlorothiazide 12.5mg tablets,39896111000001108,AMP,0205052R0AAAAAA
33974611000001109,Telmisartan 40mg / Hydrochlorothiazide 12.5mg tablets,33974611000001109,AMP,0205052R0AAAAAA
42383111000001108,Telmisartan 80mg / Hydrochlorothiazide 12.5mg tablets,42383111000001108,VMP,0205052R0AAABAB
24426111000001108,Telmisartan 80mg / Hydrochlorothiazide 12.5mg tablets,24426111000001108,AMP,0205052R0AAABAB
35751111000001101,Telmisartan 80mg / Hydrochlorothiazide 12.5mg tablets,35751111000001101,AMP,0205052R0AAABAB
42165611000001105,Telmisartan 80mg / Hydrochlorothiazide 12.5mg tablets,42165611000001105,AMP,0205052R0AAABAB
37820211000001104,Telmisartan 80mg / Hydrochlorothiazide 12.5mg tablets,37820211000001104,AMP,0205052R0AAABAB
41469811000001107,Telmisartan 80mg / Hydrochlorothiazide 12.5mg tablets,41469811000001107,AMP,0205052R0AAABAB
42600511000001101,Telmisartan 80mg / Hydrochlorothiazide 12.5mg tablets,42600511000001101,AMP,0205052R0AAABAB
37142711000001104,Telmisartan 80mg / Hydrochlorothiazide 12.5mg tablets,37142711000001104,AMP,0205052R0AAABAB
39896311000001105,Telmisartan 80mg / Hydrochlorothiazide 12.5mg tablets,39896311000001105,AMP,0205052R0AAABAB
33975011000001103,Telmisartan 80mg / Hydrochlorothiazide 12.5mg tablets,33975011000001103,AMP,0205052R0AAABAB
24508611000001103,Telmisartan 80mg / Hydrochlorothiazide 12.5mg tablets,24508611000001103,AMP,0205052R0AAABAB
13731911000001109,Telmisartan 80mg / Hydrochlorothiazide 25mg tablets,13731911000001109,VMP,0205052R0AAACAC
24426311000001105,Telmisartan 80mg / Hydrochlorothiazide 25mg tablets,24426311000001105,AMP,0205052R0AAACAC
34942211000001102,Telmisartan 80mg / Hydrochlorothiazide 25mg tablets,34942211000001102,AMP,0205052R0AAACAC
36942111000001102,Telmisartan 80mg / Hydrochlorothiazide 25mg tablets,36942111000001102,AMP,0205052R0AAACAC
37820811000001103,Telmisartan 80mg / Hydrochlorothiazide 25mg tablets,37820811000001103,AMP,0205052R0AAACAC
41469611000001108,Telmisartan 80mg / Hydrochlorothiazide 25mg tablets,41469611000001108,AMP,0205052R0AAACAC
42589311000001106,Telmisartan 80mg / Hydrochlorothiazide 25mg tablets,42589311000001106,AMP,0205052R0AAACAC
39896511000001104,Telmisartan 80mg / Hydrochlorothiazide 25mg tablets,39896511000001104,AMP,0205052R0AAACAC
33975511000001106,Telmisartan 80mg / Hydrochlorothiazide 25mg tablets,33975511000001106,AMP,0205052R0AAACAC
24508811000001104,Telmisartan 80mg / Hydrochlorothiazide 25mg tablets,24508811000001104,AMP,0205052R0AAACAC
42383911000001106,Valsartan 160mg / Hydrochlorothiazide 12.5mg tablets,42383911000001106,VMP,0205052X0AAAAAA
19804311000001104,Valsartan 160mg / Hydrochlorothiazide 12.5mg tablets,19804311000001104,AMP,0205052X0AAAAAA
19688511000001105,Valsartan 160mg / Hydrochlorothiazide 12.5mg tablets,19688511000001105,AMP,0205052X0AAAAAA
19797411000001101,Valsartan 160mg / Hydrochlorothiazide 12.5mg tablets,19797411000001101,AMP,0205052X0AAAAAA
20022511000001106,Valsartan 160mg / Hydrochlorothiazide 12.5mg tablets,20022511000001106,AMP,0205052X0AAAAAA
19724211000001103,Valsartan 160mg / Hydrochlorothiazide 12.5mg tablets,19724211000001103,AMP,0205052X0AAAAAA
30109211000001104,Valsartan 160mg / Hydrochlorothiazide 12.5mg tablets,30109211000001104,AMP,0205052X0AAAAAA
30943311000001103,Valsartan 160mg / Hydrochlorothiazide 12.5mg tablets,30943311000001103,AMP,0205052X0AAAAAA
39925511000001107,Valsartan 160mg / Hydrochlorothiazide 12.5mg tablets,39925511000001107,AMP,0205052X0AAAAAA
23957011000001109,Valsartan 160mg / Hydrochlorothiazide 12.5mg tablets,23957011000001109,AMP,0205052X0AAAAAA
36805511000001100,Valsartan 160mg / Hydrochlorothiazide 12.5mg tablets,36805511000001100,AMP,0205052X0AAAAAA
19631911000001101,Valsartan 160mg / Hydrochlorothiazide 12.5mg tablets,19631911000001101,AMP,0205052X0AAAAAA
21908711000001108,Valsartan 160mg / Hydrochlorothiazide 12.5mg tablets,21908711000001108,AMP,0205052X0AAAAAA
42384011000001109,Valsartan 160mg / Hydrochlorothiazide 25mg tablets,42384011000001109,VMP,0205052X0AAABAB
19804511000001105,Valsartan 160mg / Hydrochlorothiazide 25mg tablets,19804511000001105,AMP,0205052X0AAABAB
19688711000001100,Valsartan 160mg / Hydrochlorothiazide 25mg tablets,19688711000001100,AMP,0205052X0AAABAB
19797611000001103,Valsartan 160mg / Hydrochlorothiazide 25mg tablets,19797611000001103,AMP,0205052X0AAABAB
20022711000001101,Valsartan 160mg / Hydrochlorothiazide 25mg tablets,20022711000001101,AMP,0205052X0AAABAB
23957211000001104,Valsartan 160mg / Hydrochlorothiazide 25mg tablets,23957211000001104,AMP,0205052X0AAABAB
19724411000001104,Valsartan 160mg / Hydrochlorothiazide 25mg tablets,19724411000001104,AMP,0205052X0AAABAB
30109411000001100,Valsartan 160mg / Hydrochlorothiazide 25mg tablets,30109411000001100,AMP,0205052X0AAABAB
30943511000001109,Valsartan 160mg / Hydrochlorothiazide 25mg tablets,30943511000001109,AMP,0205052X0AAABAB
39925311000001101,Valsartan 160mg / Hydrochlorothiazide 25mg tablets,39925311000001101,AMP,0205052X0AAABAB
41969811000001109,Valsartan 160mg / Hydrochlorothiazide 25mg tablets,41969811000001109,AMP,0205052X0AAABAB
36805311000001106,Valsartan 160mg / Hydrochlorothiazide 25mg tablets,36805311000001106,AMP,0205052X0AAABAB
19632111000001109,Valsartan 160mg / Hydrochlorothiazide 25mg tablets,19632111000001109,AMP,0205052X0AAABAB
21909011000001101,Valsartan 160mg / Hydrochlorothiazide 25mg tablets,21909011000001101,AMP,0205052X0AAABAB
42384611000001102,Valsartan 80mg / Hydrochlorothiazide 12.5mg tablets,42384611000001102,VMP,0205052X0AAACAC
19804111000001101,Valsartan 80mg / Hydrochlorothiazide 12.5mg tablets,19804111000001101,AMP,0205052X0AAACAC
19688311000001104,Valsartan 80mg / Hydrochlorothiazide 12.5mg tablets,19688311000001104,AMP,0205052X0AAACAC
19797211000001100,Valsartan 80mg / Hydrochlorothiazide 12.5mg tablets,19797211000001100,AMP,0205052X0AAACAC
20022311000001100,Valsartan 80mg / Hydrochlorothiazide 12.5mg tablets,20022311000001100,AMP,0205052X0AAACAC
19723911000001105,Valsartan 80mg / Hydrochlorothiazide 12.5mg tablets,19723911000001105,AMP,0205052X0AAACAC
30108411000001108,Valsartan 80mg / Hydrochlorothiazide 12.5mg tablets,30108411000001108,AMP,0205052X0AAACAC
30943111000001100,Valsartan 80mg / Hydrochlorothiazide 12.5mg tablets,30943111000001100,AMP,0205052X0AAACAC
39925111000001103,Valsartan 80mg / Hydrochlorothiazide 12.5mg tablets,39925111000001103,AMP,0205052X0AAACAC
23956811000001100,Valsartan 80mg / Hydrochlorothiazide 12.5mg tablets,23956811000001100,AMP,0205052X0AAACAC
36805111000001109,Valsartan 80mg / Hydrochlorothiazide 12.5mg tablets,36805111000001109,AMP,0205052X0AAACAC
19631711000001103,Valsartan 80mg / Hydrochlorothiazide 12.5mg tablets,19631711000001103,AMP,0205052X0AAACAC
21908511000001103,Valsartan 80mg / Hydrochlorothiazide 12.5mg tablets,21908511000001103,AMP,0205052X0AAACAC
42378311000001105,Olmesartan medoxomil 20mg / Hydrochlorothiazide 12.5mg tablets,42378311000001105,VMP,0205052Y0AAAAAA
38741911000001107,Olmesartan medoxomil 20mg / Hydrochlorothiazide 12.5mg tablets,38741911000001107,AMP,0205052Y0AAAAAA
45617211000001101,Olmesartan medoxomil 20mg / Hydrochlorothiazide 12.5mg tablets,45617211000001101,AMP,0205052Y0AAAAAA
37905011000001100,Olmesartan medoxomil 20mg / Hydrochlorothiazide 12.5mg tablets,37905011000001100,AMP,0205052Y0AAAAAA
10270711000001105,Olmesartan medoxomil 20mg / Hydrochlorothiazide 25mg tablets,10270711000001105,VMP,0205052Y0AAABAB
38742211000001105,Olmesartan medoxomil 20mg / Hydrochlorothiazide 25mg tablets,38742211000001105,AMP,0205052Y0AAABAB
45617411000001102,Olmesartan medoxomil 20mg / Hydrochlorothiazide 25mg tablets,45617411000001102,AMP,0205052Y0AAABAB
37906011000001109,Olmesartan medoxomil 20mg / Hydrochlorothiazide 25mg tablets,37906011000001109,AMP,0205052Y0AAABAB
42378711000001109,Olmesartan medoxomil 40mg / Hydrochlorothiazide 12.5mg tablets,42378711000001109,VMP,0205052Y0AAACAC
38742411000001109,Olmesartan medoxomil 40mg / Hydrochlorothiazide 12.5mg tablets,38742411000001109,AMP,0205052Y0AAACAC
45617611000001104,Olmesartan medoxomil 40mg / Hydrochlorothiazide 12.5mg tablets,45617611000001104,AMP,0205052Y0AAACAC
37906511000001101,Olmesartan medoxomil 40mg / Hydrochlorothiazide 12.5mg tablets,37906511000001101,AMP,0205052Y0AAACAC
10261511000001103,Olmetec Plus 20mg/12.5mg tablets,10261511000001103,AMP,0205052Y0BBAAAA
10261811000001100,Olmetec Plus 20mg/25mg tablets,10261811000001100,AMP,0205052Y0BBABAB
17220911000001102,Olmetec Plus 40mg/12.5mg tablets,17220911000001102,AMP,0205052Y0BBACAC
134460003,VMP previous to 42375411000001108,134460003,VMP,0205052A0AAABAB
134461004,VMP previous to 42375211000001109,134461004,VMP,0205052A0AAAAAA
317919004,VMP previous to 42206611000001103,317919004,VMP,0202010B0AAABAB
317920005,VMP previous to 42206711000001107,317920005,VMP,0202010B0AAACAC
317935006,VMP previous to 42207311000001106,317935006,VMP,0202010F0AAAAAA
317940003,VMP previous to 42208211000001104,317940003,VMP,0202010J0AAAAAA
317954006,VMP previous to 39020711000001100,317954006,VMP,0202010P0AAADAD
317956008,VMP previous to 39696211000001108,317956008,VMP,0202010P0AAAAAA
317965001,VMP previous to 42213711000001103,317965001,VMP,0202010V0AAAAAA
317971007,VMP previous to 42294711000001100,317971007,VMP,0202020L0AABBBB
317972000,VMP previous to 42294811000001108,317972000,VMP,0202020L0AABDBD
317973005,VMP previous to 42294911000001103,317973005,VMP,0202020L0AABIBI
317982004,VMP previous to 36061611000001104,317982004,VMP,0202020L0AABSBS
318006003,VMP previous to 39108611000001107,318006003,VMP,0202020L0AABQBQ
318007007,VMP previous to 39021211000001101,318007007,VMP,0202020L0AABNBN
318008002,VMP previous to 36564411000001102,318008002,VMP,0202020L0AABPBP
318009005,VMP previous to 36061511000001103,318009005,VMP,0202020L0AAABAB
318010000,VMP previous to 42295011000001103,318010000,VMP,0202020L0AAATAT
318011001,VMP previous to 36061411000001102,318011001,VMP,0202020L0AAAAAA
318012008,VMP previous to 34193711000001108,318012008,VMP,0202020L0AAADAD
318021009,VMP previous to 42292511000001100,318021009,VMP,0202020D0AAAEAE
318022002,VMP previous to 42292711000001105,318022002,VMP,0202020D0AAAFAF
318023007,VMP previous to 42292611000001101,318023007,VMP,0202020D0AAADAD
318025000,VMP previous to 35912911000001108,318025000,VMP,0202020D0AAABAB
318040003,VMP previous to 42299011000001101,318040003,VMP,0202020U0AAAAAA
318041004,VMP previous to 42299111000001100,318041004,VMP,0202020U0AAABAB
318042006,VMP previous to 42298911000001105,318042006,VMP,0202020U0AAACAC
318049002,VMP previous to 35900111000001108,318049002,VMP,0202030C0AAASAS
318052005,VMP previous to 42206111000001106,318052005,VMP,0202030C0AAACAC
318056008,VMP previous to 42216511000001100,318056008,VMP,0202030S0AAATAT
318057004,VMP previous to 42216611000001101,318057004,VMP,0202030S0AAAUAU
318058009,VMP previous to 42216411000001104,318058009,VMP,0202030S0AAAVAV
318082004,VMP previous to 42217011000001106,318082004,VMP,0202030W0AAAAAA
318094008,VMP previous to 42208111000001105,318094008,VMP,0202040H0AAAAAA
318096005,VMP previous to 42206011000001105,318096005,VMP,0202040A0AAAAAA
318097001,VMP previous to 42290711000001106,318097001,VMP,0202040D0AAAAAA
318098006,VMP previous to 42216811000001102,318098006,VMP,0202040V0AAACAC
318100006,VMP previous to 42216911000001107,318100006,VMP,0202040V0AAAAAA
318101005,VMP previous to 42299311000001103,318101005,VMP,0202040U0AAAAAA
318102003,VMP previous to 42297911000001109,318102003,VMP,0202040T0AAAAAA
318121006,VMP previous to 42207511000001100,318121006,VMP,0202040C0AAABAB
318122004,VMP previous to 42207611000001101,318122004,VMP,0202040C0AAAAAA
318127005,VMP previous to 42207711000001105,318127005,VMP,0202040G0AAAAAA
318128000,VMP previous to 42207811000001102,318128000,VMP,0202040G0AAABAB
318135008,VMP previous to 42293311000001101,318135008,VMP,0202040B0AAABAB
318136009,VMP previous to 42293411000001108,318136009,VMP,0202040B0AAAAAA
318137000,VMP previous to 42293211000001109,318137000,VMP,0202040B0AAACAC
318165003,VMP previous to 35913011000001100,318165003,VMP,0202080C0AAAAAA
318166002,VMP previous to 35910011000001105,318166002,VMP,0202080B0AAAAAA
318169009,VMP previous to 36061311000001109,318169009,VMP,0202080K0AAAAAA
318171009,VMP previous to 35910111000001106,318171009,VMP,0202080B0AAABAB
318546001,VMP previous to 42377211000001101,318546001,VMP,0204000W0AAAAAA
318547005,VMP previous to 36035311000001101,318547005,VMP,0204000W0AAABAB
318549008,VMP previous to 42377711000001108,318549008,VMP,0204000X0AAAAAA
318550008,VMP previous to 42377911000001105,318550008,VMP,0204000X0AAABAB
318556002,VMP previous to 42383311000001105,318556002,VMP,020400030AAAEAE
318560004,VMP previous to 42370511000001102,318560004,VMP,0204000A0AAAAAA
318575007,VMP previous to 42373711000001103,318575007,VMP,020400040AAAAAA
318576008,VMP previous to 42373611000001107,318576008,VMP,020400040AAABAB
318583001,VMP previous to 36091611000001101,318583001,VMP,0204000Y0AAAAAA
318584007,VMP previous to 42380411000001106,318584007,VMP,0204000Q0AAAAAA
318585008,VMP previous to 35932411000001108,318585008,VMP,0204000Q0AAABAB
318586009,VMP previous to 39725011000001105,318586009,VMP,0204000B0AAAAAA
318597009,VMP previous to 39733811000001100,318597009,VMP,020400090AAAAAA
318806002,VMP previous to 42373811000001106,318806002,VMP,0205051G0AAABAB
318807006,VMP previous to 42373911000001101,318807006,VMP,0205051G0AAAAAA
318849001,VMP previous to 39691911000001109,318849001,VMP,0205051H0AAAAAA
318880006,VMP previous to 42376311000001106,318880006,VMP,0205051K0AAAAAA
318884002,VMP previous to 42213111000001104,318884002,VMP,0205051K0AAABAB
318892006,VMP previous to 39693411000001102,318892006,VMP,0205051P0AAAAAA
318959004,VMP previous to 42376911000001107,318959004,VMP,0205052P0AAAAAA
374173002,VMP previous to 42213611000001107,374173002,VMP,0202010V0AAANAN
376209006,VMP previous to 42211611000001108,376209006,VMP,0202010L0AAABAB
376508004,VMP previous to 42211711000001104,376508004,VMP,0202010L0AAACAC
376905005,VMP previous to 42207111000001109,376905005,VMP,0202010D0AAAFAF
377211005,VMP previous to 42373611000001107,377211005,VMP,020400040AAABAB
377488008,VMP previous to 42384611000001102,377488008,VMP,0205052X0AAACAC
377566005,VMP previous to 42207611000001101,377566005,VMP,0202040C0AAAAAA
3819011000001103,VMP previous to 42382911000001104,3819011000001103,VMP,0205052R0AAAAAA
3819111000001102,VMP previous to 42383111000001108,3819111000001102,VMP,0205052R0AAABAB
395497004,VMP previous to 42376611000001101,395497004,VMP,0205052P0AAABAB
395516007,VMP previous to 42206911000001109,395516007,VMP,0202010D0AACYCY
395521005,VMP previous to 42383911000001106,395521005,VMP,0205052X0AAAAAA
407011007,VMP previous to 42209511000001107,407011007,VMP,0202030X0AAAAAA
407012000,VMP previous to 42209611000001106,407012000,VMP,0202030X0AAABAB
407855002,VMP previous to 42382911000001104,407855002,VMP,0205052R0AAAAAA
407856001,VMP previous to 42383111000001108,407856001,VMP,0205052R0AAABAB
408039005,VMP previous to 42207011000001108,408039005,VMP,0202010D0AAAUAU
409184002,VMP previous to 42378311000001105,409184002,VMP,0205052Y0AAAAAA
409185001,VMP previous to 42378711000001109,409185001,VMP,0205052Y0AAACAC
409298002,VMP previous to 42384011000001109,409298002,VMP,0205052X0AAABAB
410896007,VMP previous to 42208111000001105,410896007,VMP,0202040H0AAAAAA
4556711000001100,VMP previous to 42211611000001108,4556711000001100,VMP,0202010L0AAABAB
4556811000001108,VMP previous to 42211711000001104,4556811000001108,VMP,0202010L0AAACAC
7660011000001109,VMP previous to 42206911000001109,7660011000001109,VMP,0202010D0AACYCY
7660111000001105,VMP previous to 42207011000001108,7660111000001105,VMP,0202010D0AAAUAU
7718611000001105,VMP previous to 42383911000001106,7718611000001105,VMP,0205052X0AAAAAA
7718711000001101,VMP previous to 42384011000001109,7718711000001101,VMP,0205052X0AAABAB
8153611000001109,VMP previous to 42384611000001102,8153611000001109,VMP,0205052X0AAACAC
8507911000001106,VMP previous to 42209511000001107,8507911000001106,VMP,0202030X0AAAAAA
8508011000001108,VMP previous to 42209611000001106,8508011000001108,VMP,0202030X0AAABAB
